-DOCSTART-
0	Welsh, Carson, Anderson and Stowe	nil	nil	nil
1	Source Telecomputing Corp	http://en.wikipedia.org/wiki/The_Source_(online_service)	572316	m.02rb1v
2	The Readers Digest Association Inc	http://en.wikipedia.org/wiki/The_Reader's_Digest_Association	465434	m.02ct7r
3	Readers Digest	http://en.wikipedia.org/wiki/The_Reader's_Digest_Association	465434	m.02ct7r
-DOCSTART-
4	Denmark	http://en.wikipedia.org/wiki/Denmark	76972	m.0k6nt
5	West-Germany	http://en.wikipedia.org/wiki/West_Germany	33166	m.082fr
6	Belgium	http://en.wikipedia.org/wiki/Belgium	3343	m.0154j
7	France	http://en.wikipedia.org/wiki/France	5843419	m.0f8l9c
8	EC Commission	http://en.wikipedia.org/wiki/European_Commission	9974	m.02q9k
9	Spain	http://en.wikipedia.org/wiki/Spain	26667	m.06mkj
-DOCSTART-
10	Robin Leigh Pemberton	http://en.wikipedia.org/wiki/Robin_Leigh-Pemberton,_Baron_Kingsdown	918235	m.03ptk3
11	Group of Seven	http://en.wikipedia.org/wiki/G7	1196634	m.02p3xvj
12	Giovanni Goria	http://en.wikipedia.org/wiki/Giovanni_Goria	1113608	m.047517
13	Group of Seven	http://en.wikipedia.org/wiki/G7	1196634	m.02p3xvj
14	Gerhard Stoltenberg	http://en.wikipedia.org/wiki/Gerhard_Stoltenberg	1124781	m.048cxv
15	U.S. Treasury	http://en.wikipedia.org/wiki/United_States_Department_of_the_Treasury	53667	m.0f1r9
16	Karl Otto Poehl	http://en.wikipedia.org/wiki/Karl_Otto_Pöhl	1494011	m.055rld
17	Italy	http://en.wikipedia.org/wiki/Italy	14532	m.03rjj
18	Bundesbank	http://en.wikipedia.org/wiki/Deutsche_Bundesbank	274294	m.01p3_f
19	Baker	http://en.wikipedia.org/wiki/James_Baker	213137	m.01f6t5
20	James Baker	http://en.wikipedia.org/wiki/James_Baker	213137	m.01f6t5
21	Paris	http://en.wikipedia.org/wiki/Paris	22989	m.05qtj
22	Kiichi Miyazawa	http://en.wikipedia.org/wiki/Kiichi_Miyazawa	200250	m.01cfp8
23	Group of Five	http://en.wikipedia.org/wiki/Group_of_Five	3146086	m.08vd91
24	Goria	http://en.wikipedia.org/wiki/Giovanni_Goria	1113608	m.047517
25	Satoshi Sumita	http://en.wikipedia.org/wiki/Satoshi_Sumita	32781295	m.0h3msh6
26	Jacques de Larosiere	http://en.wikipedia.org/wiki/Jacques_de_Larosière	508071	m.02jr8k
27	Treasury	http://en.wikipedia.org/wiki/United_States_Department_of_the_Treasury	53667	m.0f1r9
28	Edouard Balladur	http://en.wikipedia.org/wiki/Édouard_Balladur	434932	m.02841d
-DOCSTART-
29	IVB Financial Corp	http://en.wikipedia.org/wiki/IVB_Financial_Corp	5001669	m.0cz9hb
30	Fidelcor Inc	nil	nil	nil
31	Industrial Valley	http://en.wikipedia.org/wiki/Industrial_Valley_Title_Insurance_Co	314333	m.01tmng
32	Industrial Valley Title Insurance Co	http://en.wikipedia.org/wiki/Industrial_Valley_Title_Insurance_Co	314333	m.01tmng
-DOCSTART-
33	Highland Superstores Inc	http://en.wikipedia.org/wiki/Highland_Superstores_Inc	39218031	m.0swn60f
-DOCSTART-
34	Universal Medical Buildings L.P.	http://en.wikipedia.org/wiki/Universal_Medical_Buildings_L_P	4831315	m.0cq1d4
-DOCSTART-
35	Continental	http://en.wikipedia.org/wiki/Continental_Bank_of_Canada	912578	m.03p7yg
36	Continental	http://en.wikipedia.org/wiki/Continental_Bank_of_Canada	912578	m.03p7yg
37	Continental	http://en.wikipedia.org/wiki/Continental_Bank_of_Canada	912578	m.03p7yg
38	Lloyds Bank PLCs Lloyds Bank Canada	http://en.wikipedia.org/wiki/Lloyds_Bank_of_Canada	945061	m.03s5rh
39	Canadian government	http://en.wikipedia.org/wiki/Government_of_Canada	616255	m.02wz7x
40	Continental Bank of Canada	http://en.wikipedia.org/wiki/Continental_Bank_of_Canada	912578	m.03p7yg
-DOCSTART-
41	Bank	http://en.wikipedia.org/wiki/Banque_de_France	749262	m.0382ml
42	Bank of France	http://en.wikipedia.org/wiki/Banque_de_France	749262	m.0382ml
-DOCSTART-
43	Dillon, Read and Co Inc	http://en.wikipedia.org/wiki/Dillon,_Read_%26_Co.	1342904	m.04v7lw
44	Securities and Exchange Commission	http://en.wikipedia.org/wiki/U.S._Securities_and_Exchange_Commission	55097	m.0fbr4
45	Avnet Inc	http://en.wikipedia.org/wiki/Avnet	4560194	m.0c8xmc
46	Avnet	http://en.wikipedia.org/wiki/Avnet	4560194	m.0c8xmc
-DOCSTART-
47	Reagan	http://en.wikipedia.org/wiki/Ronald_Reagan	25433	m.06c0j
48	Carter	http://en.wikipedia.org/wiki/Jimmy_Carter	15992	m.042kg
49	Treasury	http://en.wikipedia.org/wiki/United_States_Department_of_the_Treasury	53667	m.0f1r9
50	United States	http://en.wikipedia.org/wiki/United_States	3434750	m.09c7w0
51	Carter	http://en.wikipedia.org/wiki/Jimmy_Carter	15992	m.042kg
52	Treasury	http://en.wikipedia.org/wiki/United_States_Department_of_the_Treasury	53667	m.0f1r9
53	Reagan	http://en.wikipedia.org/wiki/Ronald_Reagan	25433	m.06c0j
-DOCSTART-
54	Preston corp	nil	nil	nil
55	Reuter	http://en.wikipedia.org/wiki/Reuter	18998750	m.0ps53
-DOCSTART-
56	Pan Am	http://en.wikipedia.org/wiki/Pan_American_World_Airways	81024	m.0ky6d
57	Pan Am Corps Pan Am World Airways	http://en.wikipedia.org/wiki/Pan_American_World_Airways	81024	m.0ky6d
58	Pan AM	http://en.wikipedia.org/wiki/Pan_American_World_Airways	81024	m.0ky6d
-DOCSTART-
59	Saddam	http://en.wikipedia.org/wiki/Saddam_Hussein	29490	m.079dy
60	Mir-Hossein Mousavi	http://en.wikipedia.org/wiki/Mir-Hossein_Mousavi	844215	m.03gcjk
61	Iranian news agency IRNA	http://en.wikipedia.org/wiki/Islamic_Republic_News_Agency	841314	m.03g2w_
62	Basra	http://en.wikipedia.org/wiki/Basra	57580	m.0ft0s
63	Ahvaz	http://en.wikipedia.org/wiki/Ahvaz	599079	m.02v25m
64	Mousavi	http://en.wikipedia.org/wiki/Mir-Hossein_Mousavi	844215	m.03gcjk
65	Basra	http://en.wikipedia.org/wiki/Basra	57580	m.0ft0s
66	Iran	http://en.wikipedia.org/wiki/Iran	14653	m.03shp
67	Baghdad	http://en.wikipedia.org/wiki/Baghdad	4492	m.01fqm
68	Iran	http://en.wikipedia.org/wiki/Iran	14653	m.03shp
69	British Broadcasting Corporation	http://en.wikipedia.org/wiki/BBC	19344654	m.0ncl8zk
70	Tehran Radio	http://en.wikipedia.org/wiki/Tehran_Radio	47599627	nil
71	Iran	http://en.wikipedia.org/wiki/Iran	14653	m.03shp
72	Tehran radio	http://en.wikipedia.org/wiki/Tehran_Radio	47599627	nil
73	Mousavi	http://en.wikipedia.org/wiki/Mir-Hossein_Mousavi	844215	m.03gcjk
74	Iraq	http://en.wikipedia.org/wiki/Iraq	7515928	m.0d05q4
75	Tehran Radio	http://en.wikipedia.org/wiki/Tehran_Radio	47599627	nil
-DOCSTART-
76	Interstate Properties	http://en.wikipedia.org/wiki/Interstate_Properties	43950	m.0b_ql
77	Interstate	http://en.wikipedia.org/wiki/Interstate_Properties	43950	m.0b_ql
78	Alexanders Inc	http://en.wikipedia.org/wiki/Alexanders_Inc	1621731	m.05hcv1
79	Trump	http://en.wikipedia.org/wiki/Donald_Trump	4848272	m.0cqt90
80	Donald Trump	http://en.wikipedia.org/wiki/Donald_Trump	4848272	m.0cqt90
-DOCSTART-
81	Advanced Cardiovascular Systems Inc	http://en.wikipedia.org/wiki/Advanced_Cardiovascular_Systems_Inc	3922549	m.0b6yg5
82	Sci-Med	http://en.wikipedia.org/wiki/Sci-Med_Life_Systems_Inc	34475131	m.0h_dzw5
83	Bristol-Myers	http://en.wikipedia.org/wiki/Bristol-Myers_Squibb	496995	m.02hh10
84	Sci-Med Life Systems Inc	http://en.wikipedia.org/wiki/Sci-Med_Life_Systems_Inc	34475131	m.0h_dzw5
85	Bristol-Myers	http://en.wikipedia.org/wiki/Bristol-Myers_Squibb	496995	m.02hh10
86	Sci-Med	http://en.wikipedia.org/wiki/Sci-Med_Life_Systems_Inc	34475131	m.0h_dzw5
87	Bristol-Myers Co	http://en.wikipedia.org/wiki/Bristol-Myers_Squibb	496995	m.02hh10
-DOCSTART-
88	Fed	http://en.wikipedia.org/wiki/Federal_Reserve_System	10819	m.02xmb
89	U.S. Government	http://en.wikipedia.org/wiki/Federal_government_of_the_United_States	195149	m.01bqks
90	Federal Reserve	http://en.wikipedia.org/wiki/Federal_Reserve_System	10819	m.02xmb
91	Fed	http://en.wikipedia.org/wiki/Federal_Reserve_System	10819	m.02xmb
92	Fed	http://en.wikipedia.org/wiki/Federal_Reserve_System	10819	m.02xmb
93	Fed	http://en.wikipedia.org/wiki/Federal_Reserve_System	10819	m.02xmb
94	Reuter	http://en.wikipedia.org/wiki/Reuter	18998750	m.0ps53
-DOCSTART-
95	Shopsmith Inc	http://en.wikipedia.org/wiki/Shopsmith_Inc	44121252	nil
96	John R. Folkerth	nil	nil	nil
97	Joseph DiGaicomo Jr.	nil	nil	nil
-DOCSTART-
98	Merck	http://en.wikipedia.org/wiki/Merck_%26_Co.	30874304	m.04f0xq
99	Merck and Co Inc 	http://en.wikipedia.org/wiki/Merck_%26_Co.	30874304	m.04f0xq
-DOCSTART-
100	IBM	http://en.wikipedia.org/wiki/IBM	40379651	m.03sc8
101	International Business Machines Corp	http://en.wikipedia.org/wiki/IBM	40379651	m.03sc8
102	CMS Enhancements Inc	nil	nil	nil
103	IBM	http://en.wikipedia.org/wiki/IBM	40379651	m.03sc8
104	CMS	nil	nil	nil
-DOCSTART-
105	Republic Airlines	http://en.wikipedia.org/wiki/Republic_Airlines	927782	m.03qrgm
106	Northwest Airlines	http://en.wikipedia.org/wiki/Northwest_Airlines	146068	m.012lxn
107	Brotherhood of Railway and Airline Clerks	http://en.wikipedia.org/wiki/Transportation_Communications_International_Union	1557282	m.05b50x
108	Republic	http://en.wikipedia.org/wiki/Republic_Airlines	927782	m.03qrgm
-DOCSTART-
109	Madeira Inc	http://en.wikipedia.org/wiki/Madeira_Inc	45107	m.0c8mb
110	Madeira	http://en.wikipedia.org/wiki/Madeira_Inc	45107	m.0c8mb
111	Tradevest Inc	nil	nil	nil
-DOCSTART-
112	Reuter	http://en.wikipedia.org/wiki/Reuter	18998750	m.0ps53
113	Western Digital Corp	http://en.wikipedia.org/wiki/Western_Digital	222333	m.01gfyl
-DOCSTART-
114	CME	http://en.wikipedia.org/wiki/CME_Group	7492859	m.03m3r_f
115	Paul OKelly	nil	nil	nil
116	Leo Melamed	http://en.wikipedia.org/wiki/Leo_Melamed	650885	m.02_mmq
117	John Sandner	http://en.wikipedia.org/wiki/John_F._Sandner	9404914	m.0287h6r
118	CME	http://en.wikipedia.org/wiki/CME_Group	7492859	m.03m3r_f
119	Securities and Exchange Commission	http://en.wikipedia.org/wiki/U.S._Securities_and_Exchange_Commission	55097	m.0fbr4
120	CME	http://en.wikipedia.org/wiki/CME_Group	7492859	m.03m3r_f
121	CME	http://en.wikipedia.org/wiki/CME_Group	7492859	m.03m3r_f
122	Chicago Mercantile Exchange	http://en.wikipedia.org/wiki/CME_Group	7492859	m.03m3r_f
123	Melamed	http://en.wikipedia.org/wiki/Leo_Melamed	650885	m.02_mmq
124	CME	http://en.wikipedia.org/wiki/CME_Group	7492859	m.03m3r_f
-DOCSTART-
125	Drexel Burnham Lambert Inc	http://en.wikipedia.org/wiki/Drexel_Burnham_Lambert	1517879	m.057fhx
126	Helen of Troy Corp	http://en.wikipedia.org/wiki/Helen_of_Troy_Limited	3439043	m.09cfs0
127	Helen of Troy	http://en.wikipedia.org/wiki/Helen_of_Troy_Limited	3439043	m.09cfs0
128	Securities and Exchange Commission	http://en.wikipedia.org/wiki/U.S._Securities_and_Exchange_Commission	55097	m.0fbr4
-DOCSTART-
129	Sun Refining and Marketing Co	http://en.wikipedia.org/wiki/Sun_Refining_and_Marketing_Co	28931	m.0758s
130	Sun Co's	http://en.wikipedia.org/wiki/Sun_Co	26751	m.06m_p
-DOCSTART-
131	Ozaki Trading Co Ltd	http://en.wikipedia.org/wiki/Ozaki_Trading_Co_Ltd	1342788	m.04v78b
132	Japan	http://en.wikipedia.org/wiki/Japan	15573	m.03_3d
133	Federal Paperboard Co Inc	nil	nil	nil
134	Ozaki	http://en.wikipedia.org/wiki/Ozaki_Trading_Co_Ltd	1342788	m.04v78b
135	Federal Paperboards	nil	nil	nil
136	Japan	http://en.wikipedia.org/wiki/Japan	15573	m.03_3d
137	Japan	http://en.wikipedia.org/wiki/Japan	15573	m.03_3d
138	Osaka	http://en.wikipedia.org/wiki/Osaka	52230	m.0dqyw
139	Federal	nil	nil	nil
-DOCSTART-
140	Investment Technologies	http://en.wikipedia.org/wiki/Investment_Technology_Group	18862599	m.03p2g83
141	Investment Technologies Inc	http://en.wikipedia.org/wiki/Investment_Technology_Group	18862599	m.03p2g83
142	Investment Technologies	http://en.wikipedia.org/wiki/Investment_Technology_Group	18862599	m.03p2g83
143	Spear Securities	http://en.wikipedia.org/wiki/Spear_Securities_Inc	335244	m.01xdn1
144	Spear Securities Inc	http://en.wikipedia.org/wiki/Spear_Securities_Inc	335244	m.01xdn1
-DOCSTART-
145	Economics Ministry	http://en.wikipedia.org/wiki/Federal_Ministry_of_Economics_and_Technology_(Germany)	12512020	m.02w9rs_
146	West Germany	http://en.wikipedia.org/wiki/West_Germany	33166	m.082fr
147	The ministry	http://en.wikipedia.org/wiki/Federal_Ministry_of_Economics_and_Technology_(Germany)	12512020	m.02w9rs_
148	West Germanys	http://en.wikipedia.org/wiki/West_Germany	33166	m.082fr
-DOCSTART-
149	Social Affairs Ministry	http://en.wikipedia.org/wiki/Ministry_of_Social_Affairs_and_Employment_(Netherlands)	9480279	m.028bjxx
-DOCSTART-
150	Senate Budget Committee	http://en.wikipedia.org/wiki/United_States_Senate_Committee_on_the_Budget	1052482	m.041t_8
151	Chiles	http://en.wikipedia.org/wiki/Lawton_Chiles	426046	m.027165
152	Lawton Chiles	http://en.wikipedia.org/wiki/Lawton_Chiles	426046	m.027165
-DOCSTART-
153	Raytheon	http://en.wikipedia.org/wiki/Raytheon	248454	m.01ky8y
-DOCSTART-
154	NV Philips Gloielampenfabrieken	http://en.wikipedia.org/wiki/Philips	23550	m.05w3y
155	Cor van der Klugt	nil	nil	nil
-DOCSTART-
156	N.C.	http://en.wikipedia.org/wiki/North_carolina	21650	m.05fkf
157	North Carolina	http://en.wikipedia.org/wiki/North_Carolina	21650	m.05fkf
158	Federal Trade Commission	http://en.wikipedia.org/wiki/Federal_Trade_Commission	182215	m.018wzs
159	Celanese Corp	http://en.wikipedia.org/wiki/Celanese	229942	m.01hg4y
160	Hoechst	http://en.wikipedia.org/wiki/Hoechst_AG	229937	m.01hg36
161	South Carolina	http://en.wikipedia.org/wiki/South_carolina	27956	m.06yxd
162	American Hoechst Corp	http://en.wikipedia.org/wiki/Hoechst_AG	229937	m.01hg36
163	Hoechst Celanese	http://en.wikipedia.org/wiki/Celanese	229942	m.01hg4y
164	Hoechst Celanese Corp	http://en.wikipedia.org/wiki/Celanese	229942	m.01hg4y
165	Fayetteville	http://en.wikipedia.org/wiki/Fayetteville,_North_Carolina	127846	m.0yfvf
166	Celanese	http://en.wikipedia.org/wiki/Celanese	229942	m.01hg4y
167	Hoechst Celanese	http://en.wikipedia.org/wiki/Celanese	229942	m.01hg4y
168	S.C.	http://en.wikipedia.org/wiki/South_carolina	27956	m.06yxd
169	South Carolina	http://en.wikipedia.org/wiki/South_carolina	27956	m.06yxd
170	Darlington County	http://en.wikipedia.org/wiki/Darlington_County,_South_Carolina	91894	m.0mv_b
-DOCSTART-
171	Securities and Exchange Commission	http://en.wikipedia.org/wiki/U.S._Securities_and_Exchange_Commission	55097	m.0fbr4
172	AVX Corp	http://en.wikipedia.org/wiki/AVX_Corporation	25376687	m.03p1kqb
173	Shearson Lehman Brothers Inc	http://en.wikipedia.org/wiki/Lehman_Brothers	885075	m.0jt5_vh
-DOCSTART-
174	Georgia Power	http://en.wikipedia.org/wiki/Georgia_Power	6789093	m.03p3nzn
175	Georgia Power	http://en.wikipedia.org/wiki/Georgia_Power	6789093	m.03p3nzn
176	Georgia power	http://en.wikipedia.org/wiki/Georgia_Power	6789093	m.03p3nzn
177	Plant Vogtle	http://en.wikipedia.org/wiki/Vogtle_Electric_Generating_Plant	1801099	m.05y2g2
178	Georgia Power Co	http://en.wikipedia.org/wiki/Georgia_Power	6789093	m.03p3nzn
179	Scherer	http://en.wikipedia.org/wiki/Robert_W_Scherer	6870475	m.0gtjnk
180	Scherer	http://en.wikipedia.org/wiki/Robert_W_Scherer	6870475	m.0gtjnk
181	Georgia	http://en.wikipedia.org/wiki/Georgia_Power	6789093	m.03p3nzn
182	Southern Co	http://en.wikipedia.org/wiki/Southern_Company	198072	m.01c48j
183	Robert W. Scherer	http://en.wikipedia.org/wiki/Robert_W_Scherer	6870475	m.0gtjnk
184	OBrien-Kreitzberg	nil	nil	nil
185	Georgia Public Service Commission	http://en.wikipedia.org/wiki/Georgia_Public_Service_Commission	26160208	m.0b6k21b
186	Georgia	http://en.wikipedia.org/wiki/Georgia_Power	6789093	m.03p3nzn
187	Scherer	http://en.wikipedia.org/wiki/Robert_W_Scherer	6870475	m.0gtjnk
188	Georgia Power	http://en.wikipedia.org/wiki/Georgia_Power	6789093	m.03p3nzn
189	Plant Vogtle nuclear power station	http://en.wikipedia.org/wiki/Vogtle_Electric_Generating_Plant	1801099	m.05y2g2
-DOCSTART-
190	Manila	http://en.wikipedia.org/wiki/Manila	184334	m.0195pd
191	Atlas Consolidated Mining and Development Corp	http://en.wikipedia.org/wiki/Atlas_Consolidated_Mining_and_Development_Corp	15098362	m.03hhb74
-DOCSTART-
192	Hambros Bank Ltd	http://en.wikipedia.org/wiki/Hambros_Bank	1910109	m.065hlk
193	London	http://en.wikipedia.org/wiki/London	17867	m.04jpl
194	Toronto Dominion Bank	http://en.wikipedia.org/wiki/Toronto-Dominion_Bank	323232	m.01vsxp
-DOCSTART-
195	General Electric Co Plc	http://en.wikipedia.org/wiki/General_Electric_Company_plc	81066	m.0ky95
196	Picker International Inc	http://en.wikipedia.org/wiki/Picker_International_Inc	36526518	m.0kfx1x6
197	U.S.	http://en.wikipedia.org/wiki/United_States	3434750	m.09c7w0
198	U.S.	http://en.wikipedia.org/wiki/United_States	3434750	m.09c7w0
199	GEC	http://en.wikipedia.org/wiki/General_Electric_Company_plc	81066	m.0ky95
200	Reuter	http://en.wikipedia.org/wiki/Reuter	18998750	m.0ps53
201	London	http://en.wikipedia.org/wiki/London	17867	m.04jpl
202	GECGEC's	http://en.wikipedia.org/wiki/General_Electric_Company_plc	81066	m.0ky95
203	GEC	http://en.wikipedia.org/wiki/General_Electric_Company_plc	81066	m.0ky95
204	GECL.L	http://en.wikipedia.org/wiki/General_Electric_Company_plc	81066	m.0ky95
-DOCSTART-
205	Burlington	http://en.wikipedia.org/wiki/Burlington_Industries	6308151	m.0g0cx8
206	Fruehauf Corp	http://en.wikipedia.org/wiki/Fruehauf_Corporation	23984678	m.076zyhr
207	Dominion	http://en.wikipedia.org/wiki/Dominion_Textile	2256263	m.06zpp1
208	Burlington	http://en.wikipedia.org/wiki/Dominion_Textiles	2256263	m.06zpp1
209	Dominion	http://en.wikipedia.org/wiki/Dominion_Textile	2256263	m.06zpp1
210	Burlington Industries Inc	http://en.wikipedia.org/wiki/Burlington_Industries	6308151	m.0g0cx8
211	J.P. Stevens and Co Inc 	http://en.wikipedia.org/wiki/WestPoint_Home	6274446	m.0f_26n
212	Dominion	http://en.wikipedia.org/wiki/Dominion_Textile	2256263	m.06zpp1
213	Burlington	http://en.wikipedia.org/wiki/Burlington_Industries	6308151	m.0g0cx8
214	Edward Johnson	nil	nil	nil
215	C.H. Masland	nil	nil	nil
216	Burlington	http://en.wikipedia.org/wiki/Burlington_Industries	6308151	m.0g0cx8
217	Edelman	http://en.wikipedia.org/wiki/Asher_Edelman	11495120	m.02rftty
218	Avondale Mills	http://en.wikipedia.org/wiki/Avondale_Mills	48397698	nil
219	Dominion Textiles Inc	http://en.wikipedia.org/wiki/Dominion_Textile	2256263	m.06zpp1
220	Edelman	http://en.wikipedia.org/wiki/Asher_Edelman	11495120	m.02rftty
221	Asher Edelman	http://en.wikipedia.org/wiki/Asher_Edelman	11495120	m.02rftty
222	Ponderosa Inc	http://en.wikipedia.org/wiki/Ponderosa_Inc	7596506	m.026684z
223	Burlington	http://en.wikipedia.org/wiki/Burlington_Industries	6308151	m.0g0cx8
224	Burlington	http://en.wikipedia.org/wiki/Burlington_Industries	6308151	m.0g0cx8
225	Eileen Gormley	http://en.wikipedia.org/wiki/Eileen_Gormley	35247314	m.0j7kxm5
226	Gormley	http://en.wikipedia.org/wiki/Eileen_Gormley	35247314	m.0j7kxm5
227	West Point-Pepperell Inc	http://en.wikipedia.org/wiki/West_Point-Pepperell_Inc	6274446	m.0f_26n
228	Burlington	http://en.wikipedia.org/wiki/Burlington_Industries	6308151	m.0g0cx8
229	Cannon	http://en.wikipedia.org/wiki/Cannon_Mills	5696022	m.0d_m45
230	Dominion	http://en.wikipedia.org/wiki/Dominion_Textile	2256263	m.06zpp1
231	Burlington	http://en.wikipedia.org/wiki/Burlington_Industries	6308151	m.0g0cx8
232	Burlington	http://en.wikipedia.org/wiki/Dominion_Textile	2256263	m.06zpp1
233	Edelman	http://en.wikipedia.org/wiki/Asher_Edelman	11495120	m.02rftty
234	Lucky Stores Inc	http://en.wikipedia.org/wiki/Lucky_Stores	3405312	m.099slv
235	Fieldcrest Cannon Inc	http://en.wikipedia.org/wiki/Cannon_Mills	5696022	m.0d_m45
236	Burlington	http://en.wikipedia.org/wiki/Burlington_Industries	6308151	m.0g0cx8
237	Gormley	http://en.wikipedia.org/wiki/Eileen_Gormley	35247314	m.0j7kxm5
238	Dominion	http://en.wikipedia.org/wiki/Dominion_Textile	2256263	m.06zpp1
239	Dominion	http://en.wikipedia.org/wiki/Dominion_Textile	2256263	m.06zpp1
240	Edelman	http://en.wikipedia.org/wiki/Asher_Edelman	11495120	m.02rftty
241	Johnson Redbook	nil	nil	nil
242	Thomson McKinnon	nil	nil	nil
243	J.P. Stevens	http://en.wikipedia.org/wiki/WestPoint_Home	6274446	m.0f_26n
244	Edelman	http://en.wikipedia.org/wiki/Asher_Edelman	11495120	m.02rftty
245	Fieldcrest	http://en.wikipedia.org/wiki/Cannon_Mills	5696022	m.0d_m45
246	Dominion	http://en.wikipedia.org/wiki/Dominion_Textile	2256263	m.06zpp1
247	Gormley	http://en.wikipedia.org/wiki/Eileen_Gormley	35247314	m.0j7kxm5
-DOCSTART-
248	Supreme Court	http://en.wikipedia.org/wiki/Supreme_Court_of_the_United_States	31737	m.07sz1
249	Texaco Inc	http://en.wikipedia.org/wiki/Chevron_Corporation	284749	m.01pvx3
250	Pennzoil	http://en.wikipedia.org/wiki/Pennzoil	3038438	m.08mdvn
251	William Randol	nil	nil	nil
252	Texacos	http://en.wikipedia.org/wiki/Chevron_Corporation	284749	m.01pvx3
253	Pennzoil Co	http://en.wikipedia.org/wiki/Pennzoil	3038438	m.08mdvn
254	First Boston Corp	http://en.wikipedia.org/wiki/First_Boston	2959176	m.025sjkt
255	Pennzoil	http://en.wikipedia.org/wiki/Getty_Oil	936145	m.03rjd9
256	Randol	nil	nil	nil
257	Getty Oil Co	http://en.wikipedia.org/wiki/Getty_Oil	936145	m.03rjd9
258	Getty	http://en.wikipedia.org/wiki/Getty_Oil	936145	m.03rjd9
-DOCSTART-
259	Mosaic Systems Inc	http://en.wikipedia.org/wiki/Mosaic_Systems_Inc	38045717	m.0pcffcc
260	Data I/O Corp	http://en.wikipedia.org/wiki/O	22314	m.05l7y
-DOCSTART-
261	Photographic Sciences Corp	http://en.wikipedia.org/wiki/PSC_Inc.	2396907	m.0795_j
-DOCSTART-
262	Home Intensive Care Inc	http://en.wikipedia.org/wiki/Home_Intensive_Care_Inc	4691655	m.0chkwz
263	Philadelphia	http://en.wikipedia.org/wiki/Philadelphia	50585	m.0dclg
-DOCSTART-
264	Honduras	http://en.wikipedia.org/wiki/Honduras	13394	m.03h2c
265	Honduras	http://en.wikipedia.org/wiki/Honduras	13394	m.03h2c
-DOCSTART-
266	IMF	http://en.wikipedia.org/wiki/International_Monetary_Fund	15251	m.03y48
267	International Monetary Fund	http://en.wikipedia.org/wiki/International_Monetary_Fund	15251	m.03y48
268	Zambian government	http://en.wikipedia.org/wiki/Zambia	34415	m.088vb
269	Kenneth Kaunda	http://en.wikipedia.org/wiki/Kenneth_Kaunda	17355	m.04f60
270	IMF	http://en.wikipedia.org/wiki/International_Monetary_Fund	15251	m.03y48
271	IMF	http://en.wikipedia.org/wiki/International_Monetary_Fund	15251	m.03y48
-DOCSTART-
272	Prudential Bache Securities Inc	http://en.wikipedia.org/wiki/Prudential_Securities	24352566	m.0c3_708
273	Toronto Dominion Bank	http://en.wikipedia.org/wiki/Toronto-Dominion_Bank	323232	m.01vsxp
274	Bache Securities	http://en.wikipedia.org/wiki/Prudential_Securities	24352566	m.0c3_708
275	Toronto Stock Exchange	http://en.wikipedia.org/wiki/Toronto_Stock_Exchange	205584	m.01d4qg
276	Toronto Stock Exchange	http://en.wikipedia.org/wiki/Toronto_Stock_Exchange	205584	m.01d4qg
277	Bache Securities Inc	http://en.wikipedia.org/wiki/Prudential_Securities	24352566	m.0c3_708
-DOCSTART-
278	Key Tronic corp	http://en.wikipedia.org/wiki/Key_Tronic	2215829	m.06wlxb
-DOCSTART-
279	Advanced	http://en.wikipedia.org/wiki/Advanced_Voice_Technologies	486547	m.02g9ds
280	Advanced	http://en.wikipedia.org/wiki/Advanced_Voice_Technologies	486547	m.02g9ds
281	Advanced	http://en.wikipedia.org/wiki/Advanced_Voice_Technologies	486547	m.02g9ds
282	Advanced Voice Technologies	http://en.wikipedia.org/wiki/Advanced_Voice_Technologies	486547	m.02g9ds
283	Reynolds	http://en.wikipedia.org/wiki/The_Reynolds_and_Reynolds_Company	6212351	m.0fx1q2
284	Advanced	http://en.wikipedia.org/wiki/Advanced_Voice_Technologies	486547	m.02g9ds
285	Reynolds	http://en.wikipedia.org/wiki/The_Reynolds_and_Reynolds_Company	6212351	m.0fx1q2
286	U.S. District Court	http://en.wikipedia.org/wiki/U.S._District_Court	70235	m.0j75z
287	Reynolds and Reynolds	http://en.wikipedia.org/wiki/The_Reynolds_and_Reynolds_Company	6212351	m.0fx1q2
288	Reynolds	http://en.wikipedia.org/wiki/The_Reynolds_and_Reynolds_Company	6212351	m.0fx1q2
289	Reynolds	http://en.wikipedia.org/wiki/The_Reynolds_and_Reynolds_Company	6212351	m.0fx1q2
290	Detroit	http://en.wikipedia.org/wiki/Detroit	8687	m.02dtg
-DOCSTART-
291	Pancontinental Oil Ltd	http://en.wikipedia.org/wiki/Pancontinental_Oil_Ltd	1107837	m.046n68
292	Pemberton Houston Willoughby Bell Gouinlock Inc	nil	nil	nil
-DOCSTART-
293	NYSE	http://en.wikipedia.org/wiki/New_York_Stock_Exchange	21560	m.05drh
294	NV Philips Gloeilampenfabrieken	http://en.wikipedia.org/wiki/Philips	23550	m.05w3y
295	U.S.	http://en.wikipedia.org/wiki/United_States	3434750	m.09c7w0
296	Philips	http://en.wikipedia.org/wiki/Philips	23550	m.05w3y
297	New York Stock Exchange	http://en.wikipedia.org/wiki/New_York_Stock_Exchange	21560	m.05drh
298	Cor van der Klugt	nil	nil	nil
299	NASDAQ	http://en.wikipedia.org/wiki/NASDAQ	21559	m.05dq_
300	New York	nil	nil	nil
301	Philips	http://en.wikipedia.org/wiki/Philips	23550	m.05w3y
302	Philips	http://en.wikipedia.org/wiki/Philips	23550	m.05w3y
303	Dutch	nil	nil	nil
-DOCSTART-
304	Western Digital	http://en.wikipedia.org/wiki/Western_Digital	222333	m.01gfyl
305	Western Digtial Corp	http://en.wikipedia.org/wiki/Western_Digital	222333	m.01gfyl
-DOCSTART-
306	Paine Webber International	http://en.wikipedia.org/wiki/Paine_Webber	3012585	m.08kj81
307	Atari	http://en.wikipedia.org/wiki/Atari	2234	m.0xwj
308	Atari Corp	http://en.wikipedia.org/wiki/Atari	2234	m.0xwj
-DOCSTART-
309	AVX	http://en.wikipedia.org/wiki/AVX_Corporation	25376687	m.03p1kqb
310	Shearson Lehman Brothers Inc	http://en.wikipedia.org/wiki/Shearson	20017678	m.07sb2xc
311	Securities and Exchange Commission	http://en.wikipedia.org/wiki/U.S._Securities_and_Exchange_Commission	55097	m.0fbr4
312	AVX Corp	http://en.wikipedia.org/wiki/AVX_Corporation	25376687	m.03p1kqb
-DOCSTART-
313	First Boston Corp	http://en.wikipedia.org/wiki/First_Boston	2959176	m.025sjkt
314	Eberstadt Fleming Inc	http://en.wikipedia.org/wiki/Eberstadt_Fleming_Inc	37081866	m.0nb1rr2
315	Huntsman Chemical Corp	http://en.wikipedia.org/wiki/Huntsman_Corporation	1312117	m.04s01v
316	Goldman, Sachs and Co 	http://en.wikipedia.org/wiki/Goldman_Sachs	335244	m.01xdn1
317	Securities and Exchange Commission	http://en.wikipedia.org/wiki/U.S._Securities_and_Exchange_Commission	55097	m.0fbr4
318	Great Lakes Chemical Corp	http://en.wikipedia.org/wiki/Great_Lakes_Chemical_Corporation	10876893	m.02qstqs
-DOCSTART-
319	Avco Financial	http://en.wikipedia.org/wiki/Avco	3559223	m.09ljms
320	Moodys Investors Service Inc	http://en.wikipedia.org/wiki/Moody's_Investors_Service	1705862	m.03jhzk
321	Avco Financial Services Inc	http://en.wikipedia.org/wiki/Avco	3559223	m.09ljms
322	Moodys	http://en.wikipedia.org/wiki/Moody's_Investors_Service	1705862	m.03jhzk
323	Avco Corp	http://en.wikipedia.org/wiki/Avco	3559223	m.09ljms
324	Avco	http://en.wikipedia.org/wiki/Avco	3559223	m.09ljms
325	Moodys	http://en.wikipedia.org/wiki/Moody's_Investors_Service	1705862	m.03jhzk
-DOCSTART-
326	Southmark Corp	nil	nil	nil
327	Ore	http://en.wikipedia.org/wiki/Oregon	26811621	m.05kj_
328	Don Bybee and Associates	nil	nil	nil
329	Salem	http://en.wikipedia.org/wiki/Salem,_Oregon	48970	m.0d23k
-DOCSTART-
330	Best Buy Co Inc	http://en.wikipedia.org/wiki/Best_Buy	354987	m.01zrdx
-DOCSTART-
331	Hambrecht and Quist Inc	nil	nil	nil
332	Boettcher and Co Inc	http://en.wikipedia.org/wiki/Boettcher_and_Co_Inc	30517747	m.0g9xffr
333	Synergen Inc	nil	nil	nil
334	Reuter	http://en.wikipedia.org/wiki/Reuter	18998750	m.0ps53
335	Alex. Brown Inc ABSB	http://en.wikipedia.org/wiki/Alex._Brown_%26_Sons	33665537	m.0hhq3nf
-DOCSTART-
336	U.N.s Food and Agriculture Organisation	http://en.wikipedia.org/wiki/Food_and_Agriculture_Organization	11107	m.02zwc
337	sub-Saharan Africa	http://en.wikipedia.org/wiki/Sub-Saharan_Africa	27067	m.06qtn
338	Far East	http://en.wikipedia.org/wiki/Far_East	11672	m.032yv
339	Saouma	http://en.wikipedia.org/wiki/Edouard_Saouma	14737783	m.03gw4fg
340	Edouard Saouma	http://en.wikipedia.org/wiki/Edouard_Saouma	14737783	m.03gw4fg
-DOCSTART-
341	Merrill Lynch Captial Markets	http://en.wikipedia.org/wiki/Merrill_Lynch	33731299	m.01kb4x
342	Moodys Investors	http://en.wikipedia.org/wiki/Moody's_Investors_Service	1705862	m.03jhzk
343	General Motors Acceptance Corp	http://en.wikipedia.org/wiki/Ally_Financial	2007806	m.06dmpk
344	Standard and Poors	http://en.wikipedia.org/wiki/Standard_%26_Poor's	170992	m.016yss
345	General Motors Corp	http://en.wikipedia.org/wiki/General_Motors	12102	m.035nm
-DOCSTART-
346	Emerson Radio Corp	http://en.wikipedia.org/wiki/Emerson_Radio	1377084	m.04xw9b
-DOCSTART-
347	Datron Corp	nil	nil	nil
348	Datron	nil	nil	nil
349	Datron	nil	nil	nil
350	GGHFs	nil	nil	nil
351	GGFH Inc	nil	nil	nil
352	Datron	nil	nil	nil
353	Datron	nil	nil	nil
354	Florida	http://en.wikipedia.org/wiki/Florida	18933066	m.02xry
355	Datron	nil	nil	nil
-DOCSTART-
356	ISDN	http://en.wikipedia.org/wiki/Integrated_Services_Digital_Network	15231	m.03x_h
357	ISDN	http://en.wikipedia.org/wiki/Integrated_Services_Digital_Network	15231	m.03x_h
358	Advanced Micro	http://en.wikipedia.org/wiki/Advanced_Micro	2400	m.0z64
359	International Business Machines Corp IBM	http://en.wikipedia.org/wiki/International_Business_Machines_Corp_IBM	40379651	m.03sc8
360	Motorola Inc	http://en.wikipedia.org/wiki/Motorola_Inc	20319	m.0537b
361	ISDN	http://en.wikipedia.org/wiki/Integrated_Services_Digital_Network	15231	m.03x_h
362	ISDN	http://en.wikipedia.org/wiki/Integrated_Services_Digital_Network	15231	m.03x_h
363	Advanced Micro Devices Inc	http://en.wikipedia.org/wiki/Advanced_Micro_Devices_Inc	2400	m.0z64
364	Advanced Micro	http://en.wikipedia.org/wiki/Advanced_Micro	2400	m.0z64
365	Rockwell International ROK	http://en.wikipedia.org/wiki/Rockwell_International_ROK	1115509	m.047bkd
366	ISDN	http://en.wikipedia.org/wiki/Integrated_Services_Digital_Network	15231	m.03x_h
367	ISDN	http://en.wikipedia.org/wiki/Integrated_Services_Digital_Network	15231	m.03x_h
368	John East	http://en.wikipedia.org/wiki/John_East	2668332	m.07wnkm
369	American Telephone and Telegraph Co	http://en.wikipedia.org/wiki/American_Telephone_and_Telegraph_Co	29663110	m.0fpgr9z
370	Advanced Micro	http://en.wikipedia.org/wiki/Advanced_Micro	2400	m.0z64
371	Reuter	http://en.wikipedia.org/wiki/Reuter	18998750	m.0ps53
372	INTEL Corp INTC	http://en.wikipedia.org/wiki/INTEL_Corp_INTC	14617	m.03s7h
373	Northern Telecom LTd	http://en.wikipedia.org/wiki/Northern_Telecom_LTd	21243	m.01p4mq
374	ISDN	http://en.wikipedia.org/wiki/Integrated_Services_Digital_Network	15231	m.03x_h
-DOCSTART-
375	Hambros Bank Ltd	http://en.wikipedia.org/wiki/Hambros_Bank	1910109	m.065hlk
376	Toronto Dominion Bank	http://en.wikipedia.org/wiki/Toronto-Dominion_Bank	323232	m.01vsxp
377	London	http://en.wikipedia.org/wiki/London	17867	m.04jpl
-DOCSTART-
378	Drexel Burnham Lambert Inc	http://en.wikipedia.org/wiki/Drexel_Burnham_Lambert	1517879	m.057fhx
379	Alex. Brown and Sons Inc	http://en.wikipedia.org/wiki/Alex._Brown_%26_Sons	33665537	m.0hhq3nf
380	Blocker Energy corp	http://en.wikipedia.org/wiki/Blocker_Energy_corp	27902381	m.0ch2nyr
-DOCSTART-
381	Monobloc U.S.A.	http://en.wikipedia.org/wiki/Monobloc_U.S.A.	6923524	m.0gx6jb
382	CCL Industries Inc	http://en.wikipedia.org/wiki/CCL_Industries	876026	m.03kt_t
383	Envases Metalurgicos de Alava	http://en.wikipedia.org/wiki/Envases_Venezolanos	24989535	m.09g9256
384	Spain	http://en.wikipedia.org/wiki/Spain	26667	m.06mkj
385	Envases	http://en.wikipedia.org/wiki/Envases_Venezolanos	24989535	m.09g9256
386	CCL	http://en.wikipedia.org/wiki/CCL_Industries	876026	m.03kt_t
-DOCSTART-
387	Rosenberg	http://en.wikipedia.org/wiki/Steven_Rosenberg	6799645	m.0gpjyc
388	Prudential-Bache Securities	http://en.wikipedia.org/wiki/Prudential_Securities	24352566	m.0c3_708
389	Calif	http://en.wikipedia.org/wiki/California	5407	m.01n7q
390	Dr. Steven Rosenberg	http://en.wikipedia.org/wiki/Steven_Rosenberg	6799645	m.0gpjyc
391	Immunex Corp IMNX	nil	nil	nil
392	Emeryville	http://en.wikipedia.org/wiki/Emeryville,_California	107334	m.0qxyn
393	Cetus Corp	http://en.wikipedia.org/wiki/Cetus_Corporation	4652962	m.08zv61
394	William West	nil	nil	nil
395	National Cancer Institute	http://en.wikipedia.org/wiki/National_Cancer_Institute	907835	m.03nw5g
396	Wash	nil	nil	nil
397	Franklin	http://en.wikipedia.org/wiki/Franklin,_Tennessee	135422	m.0_xdd
398	West	nil	nil	nil
399	National Cancer Institute	http://en.wikipedia.org/wiki/National_Cancer_Institute	907835	m.03nw5g
400	Philadelphias Chase Cancer Center	http://en.wikipedia.org/wiki/Fox_Chase_Cancer_Center	2836424	m.085vhq
401	Stuart Weisbrod	http://en.wikipedia.org/wiki/Stuart_Weisbrod	20487804	m.04zx7v1
402	Tenn	http://en.wikipedia.org/wiki/Tennessee	30395	m.07h34
403	John Durant	nil	nil	nil
404	Seattle	http://en.wikipedia.org/wiki/Seattle	11388236	m.0d9jr
405	Wall Street	http://en.wikipedia.org/wiki/Wall_Street	37274	m.09937
406	New England Journal of Medicine	http://en.wikipedia.org/wiki/The_New_England_Journal_of_Medicine	486492	m.02g96l
407	Biotherapeutics Inc	http://en.wikipedia.org/wiki/Biotherapeutics_Inc	12166922	m.02vs2c0
-DOCSTART-
408	Queensland	http://en.wikipedia.org/wiki/Queensland	59051	m.0g39h
409	Adelaide	http://en.wikipedia.org/wiki/Adelaide	1148	m.0mgp
410	Les Hosking	http://en.wikipedia.org/wiki/Les_Hosking	30306919	m.0g5qpl0
411	CAC	http://en.wikipedia.org/wiki/Victorian_Corporate_Affairs_Commission	1128276	m.048q3n
412	CAC	http://en.wikipedia.org/wiki/Victorian_Corporate_Affairs_Commission	1128276	m.048q3n
413	Asiavest Pty Ltd	nil	nil	nil
414	SFE	http://en.wikipedia.org/wiki/Australian_Securities_Exchange	197156	m.01c02f
415	CAC	http://en.wikipedia.org/wiki/Victorian_Corporate_Affairs_Commission	1128276	m.048q3n
416	SFE	http://en.wikipedia.org/wiki/Australian_Securities_Exchange	197156	m.01c02f
417	Shintoh	nil	nil	nil
418	Shintoh	nil	nil	nil
419	Australia	http://en.wikipedia.org/wiki/Australia	4689264	m.0chghy
420	Shintoh	nil	nil	nil
421	Victorian Corporate Affairs Commission	http://en.wikipedia.org/wiki/Victorian_Corporate_Affairs_Commission	1128276	m.048q3n
422	CAC	http://en.wikipedia.org/wiki/Victorian_Corporate_Affairs_Commission	1128276	m.048q3n
423	Reuters	http://en.wikipedia.org/wiki/Reuters	18998750	m.0ps53
424	G H Shintoh	nil	nil	nil
425	Sydney Futures Exchange	http://en.wikipedia.org/wiki/Australian_Securities_Exchange	197156	m.01c02f
-DOCSTART-
426	First Boston Corp	http://en.wikipedia.org/wiki/First_Boston	2959176	m.025sjkt
427	Asarco Inc	http://en.wikipedia.org/wiki/ASARCO	541026	m.02n5gh
428	Asarco	http://en.wikipedia.org/wiki/ASARCO	541026	m.02n5gh
-DOCSTART-
429	John Wineapple	http://en.wikipedia.org/wiki/John_Wineapple	31676087	m.05vl60d
430	James Adams	http://en.wikipedia.org/wiki/James_Adams	1982061	m.01w9wwg
431	Nantucket Industries Inc	http://en.wikipedia.org/wiki/Nantucket_Industries_Inc	62254	m.0gv10
432	Terry Hampton	http://en.wikipedia.org/wiki/Terry_Hampton	78231	m.0kfrs
433	Howard Fromkin	http://en.wikipedia.org/wiki/Howard_Fromkin	2117647	m.06n9xy
-DOCSTART-
434	Suiker Unie	nil	nil	nil
435	Reuters	http://en.wikipedia.org/wiki/Reuters	18998750	m.0ps53
436	Netherlands	http://en.wikipedia.org/wiki/Netherlands	21148	m.059j2
437	Netherlands	http://en.wikipedia.org/wiki/Netherlands	21148	m.059j2
-DOCSTART-
438	Shared Network Technologies Inc	http://en.wikipedia.org/wiki/Shared_Network_Technologies_Inc	675426	m.031_4d
439	Shared Network	http://en.wikipedia.org/wiki/Shared_Network_Technologies_Inc	675426	m.031_4d
440	MCI Communications Corp	http://en.wikipedia.org/wiki/MCI_Communications	187482	m.019n50
-DOCSTART-
441	Fed	http://en.wikipedia.org/wiki/Federal_Reserve_System	10819	m.02xmb
442	Federal Reserve	http://en.wikipedia.org/wiki/Federal_Reserve_System	10819	m.02xmb
-DOCSTART-
443	Les Editions HRW Ltd	http://en.wikipedia.org/wiki/Les_Editions_HRW_Ltd	867647	m.03jyp3
444	W.B. Saunders Co of Canada Ltd	http://en.wikipedia.org/wiki/W.B._Saunders_Co_of_Canada_Ltd	586048	m.02spjy
445	CBS Inc	http://en.wikipedia.org/wiki/CBS_Corporation	1755846	m.05th69
446	Harcourt Brace Jovanovich Inc	http://en.wikipedia.org/wiki/Harcourt_Brace_Jovanovich_Canada_Inc	251683	m.01lc1f
447	Investment Canada	http://en.wikipedia.org/wiki/Investment_Canada	1909969	m.065h9v
448	Harcourt	http://en.wikipedia.org/wiki/Harcourt_(publisher)	1604334	m.05f_3v
449	Holt, Rinehart and Winston Canada Ltd.	http://en.wikipedia.org/wiki/Holt,_Rinehart_and_Winston_Canada_Ltd	22295683	m.05syl4r
450	Harcourt	http://en.wikipedia.org/wiki/Harcourt_(publisher)	1604334	m.05f_3v
451	Harcourt Brace Jovanovich Canada Inc.	http://en.wikipedia.org/wiki/Harcourt_Brace_Jovanovich_Canada_Inc	251683	m.01lc1f
452	Holt Rinehart and Winston	http://en.wikipedia.org/wiki/Holt,_Rinehart_and_Winston_Canada_Ltd	22295683	m.05syl4r
-DOCSTART-
453	Miller	http://en.wikipedia.org/wiki/James_C._Miller_III	2514621	m.07k5xb
454	Miller	http://en.wikipedia.org/wiki/James_C._Miller_III	2514621	m.07k5xb
455	James Miller	http://en.wikipedia.org/wiki/James_C._Miller_III	2514621	m.07k5xb
456	House Appropriations subcommittee on Treasury, Postal Service and General Government Appropriations	http://en.wikipedia.org/wiki/United_States_House_Appropriations_Subcommittee_on_Financial_Services_and_General_Government	9262382	m.02822j0
457	House Budget Committees	http://en.wikipedia.org/wiki/United_States_House_Committee_on_the_Budget	1600169	m.05fnfn
458	Miller	http://en.wikipedia.org/wiki/James_C._Miller_III	2514621	m.07k5xb
459	Miller	http://en.wikipedia.org/wiki/James_C._Miller_III	2514621	m.07k5xb
460	Budget committee	http://en.wikipedia.org/wiki/United_States_House_Committee_on_the_Budget	1600169	m.05fnfn
461	Office of Management and Budget	http://en.wikipedia.org/wiki/Office_of_Management_and_Budget	44030	m.0c0d4
462	Reagan	http://en.wikipedia.org/wiki/Ronald_Reagan	25433	m.06c0j
-DOCSTART-
463	Entourage	http://en.wikipedia.org/wiki/Entourage_International_Inc	1700354	m.05pfy5
464	North Country Media Group	http://en.wikipedia.org/wiki/North_Country_Media_Group	44572842	nil
465	London	http://en.wikipedia.org/wiki/London	17867	m.04jpl
466	Entourage International Inc	http://en.wikipedia.org/wiki/Entourage_International_Inc	1700354	m.05pfy5
-DOCSTART-
467	Salomon Brothers International	http://en.wikipedia.org/wiki/Salomon_Brothers	1043102	m.040_lg
468	Federal Realty Investment Trust	http://en.wikipedia.org/wiki/Federal_Realty_Investment_Trust	51178639	nil
-DOCSTART-
469	Buenos Aires province	http://en.wikipedia.org/wiki/Buenos_Aires_Province	255932	m.01ly8d
470	Chaco	http://en.wikipedia.org/wiki/Chaco_Province	424234	m.026txb
471	Formosa	http://en.wikipedia.org/wiki/Formosa_Province	292712	m.01qsrc
472	La Pampa	http://en.wikipedia.org/wiki/La_Pampa_Province	522328	m.02l5nz
473	La Pampa	http://en.wikipedia.org/wiki/La_Pampa_Province	522328	m.02l5nz
474	La Pampa	http://en.wikipedia.org/wiki/La_Pampa_Province	522328	m.02l5nz
475	Santa Fe	http://en.wikipedia.org/wiki/Santa_Fe_Province	520560	m.02k_px
476	Santa Fe	http://en.wikipedia.org/wiki/Santa_Fe_Province	520560	m.02k_px
477	Cordoba	http://en.wikipedia.org/wiki/Córdoba_Province,_Argentina	35894206	m.01y4fb
478	Buenos Aires	http://en.wikipedia.org/wiki/Buenos_Aires_Province	255932	m.01ly8d
479	Buenos Aires	http://en.wikipedia.org/wiki/Buenos_Aires_Province	255932	m.01ly8d
480	Corrientes	http://en.wikipedia.org/wiki/Corrientes_Province	520438	m.02k_8j
481	Chaco	http://en.wikipedia.org/wiki/Chaco_Province	424234	m.026txb
482	La Pampa	http://en.wikipedia.org/wiki/La_Pampa_Province	522328	m.02l5nz
483	Misiones	http://en.wikipedia.org/wiki/Misiones_Province	233567	m.01hyw7
484	Entre Rios	http://en.wikipedia.org/wiki/Entre_Ríos_Province	515401	m.02kgpq
485	Cordoba	http://en.wikipedia.org/wiki/Córdoba_Province,_Argentina	35894206	m.01y4fb
486	Santa Fe	http://en.wikipedia.org/wiki/Santa_Fe_Province	520560	m.02k_px
487	Cordoba	http://en.wikipedia.org/wiki/Córdoba_Province,_Argentina	35894206	m.01y4fb
488	Cordoba	http://en.wikipedia.org/wiki/Córdoba_Province,_Argentina	35894206	m.01y4fb
489	Santa Fe	http://en.wikipedia.org/wiki/Santa_Fe_Province	520560	m.02k_px
490	Buenos Aires	http://en.wikipedia.org/wiki/Buenos_Aires	255919	m.01ly5m
-DOCSTART-
491	Colorado House of Representatives	http://en.wikipedia.org/wiki/Colorado_House_of_Representatives	663739	nil
492	UnionUnion's	http://en.wikipedia.org/wiki/Union_Rural_Electric_Association_of_Brighton	49796	m.0d6yv
493	Tri-State Generation and Transmission Association	http://en.wikipedia.org/wiki/Tri-State_Generation_and_Transmission_Association	4297056	m.0bvqq6
494	Union	http://en.wikipedia.org/wiki/Union_Rural_Electric_Association_of_Brighton	49796	m.0d6yv
495	Colorado Public Utilities Commission	http://en.wikipedia.org/wiki/Colorado_Public_Utilities_Commission	8267543	m.026ydsg
496	Denver	http://en.wikipedia.org/wiki/Denver	8522	m.02cl1
497	Union Rural Electric Association of Brighton, Colo	http://en.wikipedia.org/wiki/Union_Rural_Electric_Association_of_Brighton	49796	m.0d6yv
498	Public Service Co	http://en.wikipedia.org/wiki/Public_Service_Company_of_Colorado	1511355	m.056zrs
499	Public Service	http://en.wikipedia.org/wiki/Public_Service_Company_of_Colorado	1511355	m.056zrs
500	Reuter	http://en.wikipedia.org/wiki/Reuter	18998750	m.0ps53
501	Union	http://en.wikipedia.org/wiki/Union_Rural_Electric_Association_of_Brighton	49796	m.0d6yv
502	Union	http://en.wikipedia.org/wiki/Union_Rural_Electric_Association_of_Brighton	49796	m.0d6yv
503	UnionUnion's	http://en.wikipedia.org/wiki/Union_Rural_Electric_Association_of_Brighton	49796	m.0d6yv
504	Union	http://en.wikipedia.org/wiki/Union_Rural_Electric_Association_of_Brighton	49796	m.0d6yv
505	Public Service Colorado	http://en.wikipedia.org/wiki/Public_Service_Company_of_Colorado	1511355	m.056zrs
506	Public Service Co of Colorado	http://en.wikipedia.org/wiki/Public_Service_Company_of_Colorado	1511355	m.056zrs
507	Colorado Rural Electric Association	http://en.wikipedia.org/wiki/Colorado_Rural_Electric_Association	4297056	m.0bvqq6
508	UnionUnion's	http://en.wikipedia.org/wiki/Union_Rural_Electric_Association_of_Brighton	49796	m.0d6yv
-DOCSTART-
509	Supreme Court	http://en.wikipedia.org/wiki/Supreme_Court_of_the_United_States	31737	m.07sz1
510	SEC	http://en.wikipedia.org/wiki/U.S._Securities_and_Exchange_Commission	55097	m.0fbr4
511	Shad	http://en.wikipedia.org/wiki/John_S.R._Shad	2423757	m.07c1ry
512	Shad	http://en.wikipedia.org/wiki/John_S.R._Shad	2423757	m.07c1ry
513	John Shad	http://en.wikipedia.org/wiki/John_S.R._Shad	2423757	m.07c1ry
514	Congress	http://en.wikipedia.org/wiki/United_States_Congress	31756	m.07t31
515	R. Foster Winans	http://en.wikipedia.org/wiki/R._Foster_Winans	7874965	m.026h450
516	Shad	http://en.wikipedia.org/wiki/John_S.R._Shad	2423757	m.07c1ry
517	Shad	http://en.wikipedia.org/wiki/John_S.R._Shad	2423757	m.07c1ry
518	Wall Street Journal	http://en.wikipedia.org/wiki/The_Wall_Street_Journal	173070	m.017b3j
519	Securities and Exchange Commission	http://en.wikipedia.org/wiki/U.S._Securities_and_Exchange_Commission	55097	m.0fbr4
520	Shad	http://en.wikipedia.org/wiki/John_S.R._Shad	2423757	m.07c1ry
521	Netherlands	http://en.wikipedia.org/wiki/Netherlands	21148	m.059j2
522	Reagan	http://en.wikipedia.org/wiki/Ronald_Reagan	25433	m.06c0j
-DOCSTART-
523	Morgan Stanley and Co Inc	http://en.wikipedia.org/wiki/Morgan_Stanley	74384	m.0jvs0
524	MoodyMoody's Investors Service Inc	http://en.wikipedia.org/wiki/Moody%27s_Investors_Service	1705862	m.03jhzk
525	Morgan	http://en.wikipedia.org/wiki/Morgan_Stanley	74384	m.0jvs0
526	Reuter	http://en.wikipedia.org/wiki/Reuter	18998750	m.0ps53
527	Standard and PoorStandard and Poor's Corp	http://en.wikipedia.org/wiki/Standard_%26_Poor%27s	170992	m.016yss
528	Eastman Kodak Co	http://en.wikipedia.org/wiki/Eastman_Kodak	57627	m.0ftdd
-DOCSTART-
529	Yankee Cos Inc	http://en.wikipedia.org/wiki/Yankee_Cos_Inc	18724874	m.04gp5x5
530	Eskey Inc	http://en.wikipedia.org/wiki/Esky	1848250	m.060rfl
-DOCSTART-
531	Kidder, Peabody and Co	http://en.wikipedia.org/wiki/Kidder,_Peabody_%26_Co.	4645567	m.0gwq0hb
532	E.F. Hutton Co Inc	http://en.wikipedia.org/wiki/E._F._Hutton_%26_Co.	797584	m.03cvyf
533	Amplicon Incs	http://en.wikipedia.org/wiki/Amplicon_Inc	38610814	m.0r8nllp
534	Kidder Peabody	http://en.wikipedia.org/wiki/Kidder,_Peabody_%26_Co.	4645567	m.0gwq0hb
-DOCSTART-
535	Noranda	http://en.wikipedia.org/wiki/Noranda_(mining_company)	978322	m.0cp5817
536	Noranda	http://en.wikipedia.org/wiki/Noranda_(mining_company)	978322	m.0cp5817
537	Coffin	http://en.wikipedia.org/wiki/Coffin	188774	m.019tzr
538	Quebec	http://en.wikipedia.org/wiki/Quebec	7954867	m.0694j
539	Noranda	http://en.wikipedia.org/wiki/Noranda_(mining_company)	978322	m.0cp5817
540	Reuter	http://en.wikipedia.org/wiki/Reuter	18998750	m.0ps53
541	Raymond Savoie	http://en.wikipedia.org/wiki/Raymond_Savoie	32102219	m.0gw_ww_
542	Murdochville	http://en.wikipedia.org/wiki/Murdochville,_Quebec	2401188	m.079j8s
543	NorandaNoranda's	http://en.wikipedia.org/wiki/Noranda_(mining_company)	978322	m.0cp5817
544	Noranda	http://en.wikipedia.org/wiki/Noranda_(mining_company)	978322	m.0cp5817
545	Taylor	http://en.wikipedia.org/wiki/Larry_Taylor	6959923	m.0gyvyw
546	Quebec	http://en.wikipedia.org/wiki/Quebec	7954867	m.0694j
547	Noranda Inc	http://en.wikipedia.org/wiki/Noranda_(mining_company)	978322	m.0cp5817
548	NorandaNoranda's	http://en.wikipedia.org/wiki/Noranda_(mining_company)	978322	m.0cp5817
549	Larry Taylor	http://en.wikipedia.org/wiki/Larry_Taylor	6959923	m.0gyvyw
550	Charles-Eugene Marin	http://en.wikipedia.org/wiki/Charles-Eugène_Marin	11922645	m.02ry6r_
-DOCSTART-
551	Poland	http://en.wikipedia.org/wiki/Poland	22936	m.05qhw
552	Foreign Policy Institute	http://en.wikipedia.org/wiki/Foreign_Policy_Institute	24163737	m.07kb07v
553	Jerzy Urban	http://en.wikipedia.org/wiki/Jerzy_Urban	1834634	m.05_p6x
554	Poland	http://en.wikipedia.org/wiki/Poland	22936	m.05qhw
555	Paris Club	http://en.wikipedia.org/wiki/Paris_Club	932079	m.03r5tk
556	Urban	http://en.wikipedia.org/wiki/Jerzy_Urban	1834634	m.05_p6x
557	Urban	http://en.wikipedia.org/wiki/Jerzy_Urban	1834634	m.05_p6x
558	Stockholm	http://en.wikipedia.org/wiki/Stockholm	26741	m.06mxs
-DOCSTART-
559	GAF	http://en.wikipedia.org/wiki/GAF_Materials_Corporation	7989796	m.026mn86
560	Samuel Heyman	http://en.wikipedia.org/wiki/Samuel_J._Heyman	11204239	m.02r3l7x
561	GAFs	http://en.wikipedia.org/wiki/GAF_Materials_Corporation	7989796	m.026mn86
562	Houston	http://en.wikipedia.org/wiki/Houston	13774	m.03l2n
563	Gordon Cain	http://en.wikipedia.org/wiki/Gordon_Cain	3501164	m.09gytm
564	Dosher	nil	nil	nil
565	Ashland Oil Inc	http://en.wikipedia.org/wiki/Ashland_Inc.	1842027	m.06064l
566	Cain Chemical	http://en.wikipedia.org/wiki/Cain_Chemical_Inc	733451	m.036pw8
567	ASH	http://en.wikipedia.org/wiki/Ashland_Inc.	1842027	m.06064l
568	Sterling investment banking group	http://en.wikipedia.org/wiki/Sterling_investment_banking_group	26724522	m.0bmcg82
569	Cain Chemical Inc	http://en.wikipedia.org/wiki/Cain_Chemical_Inc	733451	m.036pw8
570	Kentucky	http://en.wikipedia.org/wiki/Kentucky	16846	m.0498y
571	Dean Witter Reynolds	http://en.wikipedia.org/wiki/Dean_Witter_Reynolds	1490463	m.055gf6
572	Houston	http://en.wikipedia.org/wiki/Houston	13774	m.03l2n
573	GRA	http://en.wikipedia.org/wiki/W.R._Grace	3539763	m.09k9t_
574	Borg Warner Corp	http://en.wikipedia.org/wiki/BorgWarner	2861845	m.03p1ntm
575	John Dosher	nil	nil	nil
576	Heyman	http://en.wikipedia.org/wiki/Samuel_J._Heyman	11204239	m.02r3l7x
577	Dow	http://en.wikipedia.org/wiki/Dow_Chemical_Company	309668	m.01t080
578	Oreffice	nil	nil	nil
579	Dosher	nil	nil	nil
580	Oreffice	nil	nil	nil
581	Chicago	http://en.wikipedia.org/wiki/Chicago	6886	m.01_d4
582	Union Carbide Corp	http://en.wikipedia.org/wiki/Union_Carbide	301364	m.01ry3d
583	Dow Chemical Co	http://en.wikipedia.org/wiki/Dow_Chemical_Company	309668	m.01t080
584	Texas Gulf Coast	http://en.wikipedia.org/wiki/Gulf_Coast_of_the_United_States	11969	m.034rx
585	Garo Armen	http://en.wikipedia.org/wiki/Garo_H._Armen	6042489	m.0fm3ht
586	Duponts Conoco Incs	http://en.wikipedia.org/wiki/Conoco	3717479	m.09wyzb
587	John Dosher	nil	nil	nil
588	Houston	http://en.wikipedia.org/wiki/Houston	13774	m.03l2n
589	GAF	http://en.wikipedia.org/wiki/GAF_Materials_Corporation	7989796	m.026mn86
590	GAF	http://en.wikipedia.org/wiki/GAF_Materials_Corporation	7989796	m.026mn86
591	DD	http://en.wikipedia.org/wiki/DuPont	201829	m.01cp5q
592	DOW	http://en.wikipedia.org/wiki/Dow_Chemical_Company	309668	m.01t080
593	DuPont	http://en.wikipedia.org/wiki/DuPont	201829	m.01cp5q
594	Monsanto Co	http://en.wikipedia.org/wiki/Monsanto	93825	m.0n8m6
595	Armen	http://en.wikipedia.org/wiki/Garo_H._Armen	6042489	m.0fm3ht
596	Paul Oreffice	nil	nil	nil
597	Dow	http://en.wikipedia.org/wiki/Dow_Chemical_Company	309668	m.01t080
598	W.R. Grace	http://en.wikipedia.org/wiki/W.R._Grace	3539763	m.09k9t_
599	Cain	http://en.wikipedia.org/wiki/Gordon_Cain	3501164	m.09gytm
600	GAF Corp	http://en.wikipedia.org/wiki/GAF_Materials_Corporation	7989796	m.026mn86
601	Pace Consultants Inc	http://en.wikipedia.org/wiki/Pace_Consultants_Inc	11420401	m.02rbw6p
-DOCSTART-
602	Tunisia	http://en.wikipedia.org/wiki/Tunisia	30188	m.07fj_
603	Tunisia	http://en.wikipedia.org/wiki/Tunisia	30188	m.07fj_
604	COFACE	http://en.wikipedia.org/wiki/Compagnie_Française_d'Assurance_pour_le_Commerce_Extérieur	2445080	m.07dk7d
605	Tunisia	http://en.wikipedia.org/wiki/Tunisia	30188	m.07fj_
606	French export credit agency	http://en.wikipedia.org/wiki/French_Development_Agency	1316448	m.04scj8
607	France	http://en.wikipedia.org/wiki/France	5843419	m.0f8l9c
-DOCSTART-
608	U.S. Senate Budget Committee	http://en.wikipedia.org/wiki/United_States_Senate_Committee_on_the_Budget	1052482	m.041t_8
609	Senate	http://en.wikipedia.org/wiki/United_States_Senate	24909346	m.07t58
610	Lawton Chiles	http://en.wikipedia.org/wiki/Lawton_Chiles	426046	m.027165
611	Chiles	http://en.wikipedia.org/wiki/Lawton_Chiles	426046	m.027165
612	Chiles	http://en.wikipedia.org/wiki/Lawton_Chiles	426046	m.027165
613	Reuter	http://en.wikipedia.org/wiki/Reuter	18998750	m.0ps53
-DOCSTART-
614	Freeport	http://en.wikipedia.org/wiki/Freeport-McMoRan	588316	m.02swjm
615	Freeport-McMoRan Inc	http://en.wikipedia.org/wiki/Freeport-McMoRan	588316	m.02swjm
616	Freeport-McMoRan Oil and Gas Royalty Trust	http://en.wikipedia.org/wiki/Freeport-McMoRan_Oil_and_Gas_Royalty_Trust	7560175	m.0kqpq9
-DOCSTART-
617	Erskine Resources Ltd	http://en.wikipedia.org/wiki/Erskine_Resources_Ltd	1303260	m.04r9t7
618	Bashaw Leduc Oil and Gas Ltd	nil	nil	nil
619	Erskine	http://en.wikipedia.org/wiki/Erskine_Resources_Ltd	1303260	m.04r9t7
620	Bashaw	nil	nil	nil
-DOCSTART-
621	Thermo-Print GmbH	http://en.wikipedia.org/wiki/Thermo-Print_GmbH	21723923	m.05mxzcq
622	Paxar	http://en.wikipedia.org/wiki/Avery_Dennison	1681976	m.05m_84
623	West Germany	http://en.wikipedia.org/wiki/West_Germany	33166	m.082fr
624	Paxar Corp	http://en.wikipedia.org/wiki/Avery_Dennison	1681976	m.05m_84
625	Lohn	http://en.wikipedia.org/wiki/Lohn_(Eschweiler)	1120301	m.047snl
-DOCSTART-
626	Ford Motor Co	http://en.wikipedia.org/wiki/Ford_Motor_Company	30433662	m.02zs4
627	Ford	http://en.wikipedia.org/wiki/Ford_Motor_Company	30433662	m.02zs4
628	Ford	http://en.wikipedia.org/wiki/Ford_Motor_Company	30433662	m.02zs4
-DOCSTART-
629	Burns, Pauli and Co Inc	nil	nil	nil
630	Standard and Poors	http://en.wikipedia.org/wiki/Standard_%26_Poor's	170992	m.016yss
631	Moodys Investors	http://en.wikipedia.org/wiki/Moody's_Investors_Service	1705862	m.03jhzk
632	Stifel	http://en.wikipedia.org/wiki/Stifel_Nicolaus	8187107	m.026vj_5
633	Stifel, Nicolaus and Co Inc	http://en.wikipedia.org/wiki/Stifel_Nicolaus	8187107	m.026vj_5
634	Ameribanc Inc	http://en.wikipedia.org/wiki/U.S._Bancorp	523002	m.02l7_f
-DOCSTART-
635	Merrill Lynch Capital Markets	http://en.wikipedia.org/wiki/Merrill_Lynch	33731299	m.01kb4x
636	Eastman Kodak Co	http://en.wikipedia.org/wiki/Eastman_Kodak	57627	m.0ftdd
637	Luxembourg Stock Exchange	http://en.wikipedia.org/wiki/Luxembourg_Stock_Exchange	12829013	m.02x6n3s
-DOCSTART-
638	Security Services of America	nil	nil	nil
639	Wells Fargo Alarm Services	http://en.wikipedia.org/wiki/Wells_Fargo_Alarm_Services	64211	m.0h5pj
640	Nashville	http://en.wikipedia.org/wiki/Nashville,_Tennessee	22018	m.05jbn
641	Hackensack	http://en.wikipedia.org/wiki/Hackensack,_New_Jersey	136885	m.010cw1
642	A-T-E Security Group Inc	http://en.wikipedia.org/wiki/A-T-E_Security_Group_Inc	1625335	m.05hnbb
643	C.S.C. Security Gaurd Service	nil	nil	nil
644	N.J.	http://en.wikipedia.org/wiki/New_Jersey	21648	m.05fjf
645	Tenn	http://en.wikipedia.org/wiki/Tennessee	30395	m.07h34
646	Louisville	http://en.wikipedia.org/wiki/Louisville,_Kentucky	58592	m.0f__1
647	National Park	nil	nil	nil
648	N.J.	http://en.wikipedia.org/wiki/New_Jersey	21648	m.05fjf
649	Meyer Detective Agency Inc	http://en.wikipedia.org/wiki/Meyer_Detective_Agency_Inc	2902423	m.08bbxd
650	Cartel Security Consultants Inc	nil	nil	nil
651	Certified Security Services Inc	http://en.wikipedia.org/wiki/Certified_Security_Services_Inc	3696371	m.09vy4j
652	Houston	http://en.wikipedia.org/wiki/Houston	13774	m.03l2n
653	N.J	http://en.wikipedia.org/wiki/New_Jersey	21648	m.05fjf
654	Capital Investigations and Protective Agency	nil	nil	nil
655	Paramus	http://en.wikipedia.org/wiki/Paramus,_New_Jersey	124997	m.0xkx4
656	Fla.	http://en.wikipedia.org/wiki/Florida	18933066	m.02xry
657	Custom Security Services	nil	nil	nil
658	N.J.	http://en.wikipedia.org/wiki/New_Jersey	21648	m.05fjf
659	National Guardian Corp	nil	nil	nil
660	Wayne	http://en.wikipedia.org/wiki/Wayne,_New_Jersey	125671	m.0xs0r
661	S.C.	http://en.wikipedia.org/wiki/South_Carolina	27956	m.06yxd
662	Myrtle Beach	http://en.wikipedia.org/wiki/Myrtle_Beach,_South_Carolina	134534	m.0_m3k
663	Key West	http://en.wikipedia.org/wiki/Key_West	109495	m.0rp46
664	Kent	http://en.wikipedia.org/wiki/Kentucky	16846	m.0498y
-DOCSTART-
665	Volkswagen AG	http://en.wikipedia.org/wiki/Volkswagen_Group	32652	m.07_zt
666	VW	http://en.wikipedia.org/wiki/Volkswagen_Group	32652	m.07_zt
667	VW	http://en.wikipedia.org/wiki/Volkswagen_Group	32652	m.07_zt
668	VW	http://en.wikipedia.org/wiki/Volkswagen_Group	32652	m.07_zt
669	VW	http://en.wikipedia.org/wiki/Volkswagen_Group	32652	m.07_zt
670	VW	http://en.wikipedia.org/wiki/Volkswagen_Group	32652	m.07_zt
-DOCSTART-
671	Christopher Hogg	http://en.wikipedia.org/wiki/Christopher_Hogg	50042525	nil
672	Tokyo	http://en.wikipedia.org/wiki/Tokyo_Stock_Exchange	191354	m.01b571
673	Reuters Holdings Plc	http://en.wikipedia.org/wiki/Reuters	18998750	m.0ps53
674	Hogg	http://en.wikipedia.org/wiki/Christopher_Hogg	50042525	nil
675	London	http://en.wikipedia.org/wiki/London	17867	m.04jpl
676	London Stock Exchanges	http://en.wikipedia.org/wiki/London_Stock_Exchange	197867	m.01c3gj
677	Reuters	http://en.wikipedia.org/wiki/Reuters	18998750	m.0ps53
-DOCSTART-
678	The Boeing Company	http://en.wikipedia.org/wiki/Boeing	18933266	m.0178g
679	U.S. National Transportation Safety Board	http://en.wikipedia.org/wiki/National_Transportation_Safety_Board	21840	m.05h31
680	Tokyo	http://en.wikipedia.org/wiki/Tokyo	30057	m.07dfk
681	Boeing	http://en.wikipedia.org/wiki/Boeing	18933266	m.0178g
682	Ministry of Transport	http://en.wikipedia.org/wiki/Federal_Ministry_of_Transport,_Building_and_Urban_Development	12566589	m.02ww4d4
683	Boeing	http://en.wikipedia.org/wiki/Boeing	18933266	m.0178g
684	Boeing	http://en.wikipedia.org/wiki/Boeing	18933266	m.0178g
685	Japan Air Lines Co Ltd	http://en.wikipedia.org/wiki/Japan_Airlines	197676	m.01c2hv
-DOCSTART-
686	Reagan	http://en.wikipedia.org/wiki/Ronald_Reagan	25433	m.06c0j
687	Japan	http://en.wikipedia.org/wiki/Japan	15573	m.03_3d
688	Reagan	http://en.wikipedia.org/wiki/Ronald_Reagan	25433	m.06c0j
689	Ashai Shimbun	http://en.wikipedia.org/wiki/Asahi_Shimbun	315866	m.01ttwm
690	Japan	http://en.wikipedia.org/wiki/Japan	15573	m.03_3d
691	Japan	http://en.wikipedia.org/wiki/Japan	15573	m.03_3d
692	Tokyo	http://en.wikipedia.org/wiki/Tokyo	30057	m.07dfk
693	Makoto Kuroda	http://en.wikipedia.org/wiki/Makoto_Kuroda	19339864	nil
694	Japans Ministry of International Trade and Industry (MITI),	http://en.wikipedia.org/wiki/Ministry_of_International_Trade_and_Industry	376853	m.02135h
695	Reagan	http://en.wikipedia.org/wiki/Ronald_Reagan	25433	m.06c0j
696	United States	http://en.wikipedia.org/wiki/United_States	3434750	m.09c7w0
697	Michael Smith	nil	nil	nil
698	Bruce Smart	http://en.wikipedia.org/wiki/Bruce_Smart	18141105	m.04j04vq
699	U.S. Trade Representative	http://en.wikipedia.org/wiki/Office_of_the_United_States_Trade_Representative	211349	m.01d_6d
-DOCSTART-
700	Celltronics Inc	nil	nil	nil
-DOCSTART-
701	Entourage International Inc	http://en.wikipedia.org/wiki/Entourage_International_Inc	1700354	m.05pfy5
-DOCSTART-
702	Hanover	http://en.wikipedia.org/wiki/Hanover_Insurance	12954459	m.02z16r9
703	Hanover Insurance Co	http://en.wikipedia.org/wiki/Hanover_Insurance	12954459	m.02z16r9
704	Hanover	http://en.wikipedia.org/wiki/Hanover_Insurance	12954459	m.02z16r9
-DOCSTART-
705	Japan	http://en.wikipedia.org/wiki/Japan	15573	m.03_3d
706	Federal Paper Board Co Inc	http://en.wikipedia.org/wiki/International_Paper	293568	m.01qxj3
707	Osaka	http://en.wikipedia.org/wiki/Osaka	52230	m.0dqyw
708	Ozaki Trading Co Ltd	http://en.wikipedia.org/wiki/Ozaki_Trading_Co_Ltd	1342788	m.04v78b
-DOCSTART-
709	New Jersey Hospital Association	http://en.wikipedia.org/wiki/New_Jersey_Hospital_Association	3633362	nil
-DOCSTART-
710	Rolls	http://en.wikipedia.org/wiki/Rolls-Royce_plc	435509	m.0286m5
711	Rolls	http://en.wikipedia.org/wiki/Rolls-Royce_plc	435509	m.0286m5
712	Francis Tombs	http://en.wikipedia.org/wiki/Francis_Tombs,_Baron_Tombs	16896265	m.0411gq6
713	Rolls Royce Plc	http://en.wikipedia.org/wiki/Rolls-Royce_plc	435509	m.0286m5
714	Samuel Montagu and Sons Ltd	http://en.wikipedia.org/wiki/Samuel_Montagu_and_Sons_Ltd	27808	m.06xxc
715	Rolls	http://en.wikipedia.org/wiki/Rolls-Royce_plc	435509	m.0286m5
716	Rolls	http://en.wikipedia.org/wiki/Rolls-Royce_plc	435509	m.0286m5
717	Christopher Clark	http://en.wikipedia.org/wiki/notInWiki	32851	nil
-DOCSTART-
718	Dufour	nil	nil	nil
719	Asher Edelman	http://en.wikipedia.org/wiki/Asher_Edelman	11495120	m.02rftty
720	Dominion Textile	http://en.wikipedia.org/wiki/Dominion_Textile	2256263	m.06zpp1
721	Reuters	http://en.wikipedia.org/wiki/Reuters	18998750	m.0ps53
722	Thomas Bell	nil	nil	nil
723	Dufour	nil	nil	nil
724	Dominion Textile	http://en.wikipedia.org/wiki/Dominion_Textile	2256263	m.06zpp1
725	Avondale Mills	http://en.wikipedia.org/wiki/Avondale_Mills	48397698	nil
726	Dominion Textile	http://en.wikipedia.org/wiki/Dominion_Textile	2256263	m.06zpp1
727	Dominion Textile	http://en.wikipedia.org/wiki/Dominion_Textile	2256263	m.06zpp1
728	Dominion Textile Inc	http://en.wikipedia.org/wiki/Dominion_Textile	2256263	m.06zpp1
729	Dominion Textile	http://en.wikipedia.org/wiki/Dominion_Textile	2256263	m.06zpp1
730	Burlington Industries Inc	http://en.wikipedia.org/wiki/Burlington_Industries	6308151	m.0g0cx8
731	Michel Dufour	nil	nil	nil
732	Burlington Industries	http://en.wikipedia.org/wiki/Burlington_Industries	6308151	m.0g0cx8
-DOCSTART-
733	Wedgestone Advisory Corp	nil	nil	nil
734	Wedgestone Realty Investors Trust	nil	nil	nil
-DOCSTART-
735	Fed	http://en.wikipedia.org/wiki/Federal_Reserve_System	10819	m.02xmb
736	Fed	http://en.wikipedia.org/wiki/Federal_Reserve_System	10819	m.02xmb
737	Federal Reserve	http://en.wikipedia.org/wiki/Federal_Reserve_System	10819	m.02xmb
-DOCSTART-
738	AutoSpa corp	nil	nil	nil
-DOCSTART-
739	James Ottinger	http://en.wikipedia.org/wiki/James_Ottinger	1882647	m.063glr
740	Ottinger	http://en.wikipedia.org/wiki/James_Ottinger	1882647	m.063glr
741	Bertil Nordin	nil	nil	nil
742	Nordin	nil	nil	nil
743	Digital Communications Associates Inc	http://en.wikipedia.org/wiki/Digital_Communications_Associates_Inc	3254779	m.091j42
-DOCSTART-
744	CPA	http://en.wikipedia.org/wiki/Cocoa_Producers’_Alliance	18694048	nil
745	Brazil	http://en.wikipedia.org/wiki/Brazil	3383	m.015fr
746	CPA	http://en.wikipedia.org/wiki/Cocoa_Producers’_Alliance	18694048	nil
747	Cocoa Producers Alliance	http://en.wikipedia.org/wiki/Cocoa_Producers’_Alliance	18694048	nil
748	Brazil	http://en.wikipedia.org/wiki/Brazil	3383	m.015fr
749	Ivory Coast	http://en.wikipedia.org/wiki/Ivory_Coast	57744	m.0fv4v
750	Ghana	http://en.wikipedia.org/wiki/Ghana	12067	m.035dk
751	CPA	http://en.wikipedia.org/wiki/Cocoa_Producers’_Alliance	18694048	nil
752	London	http://en.wikipedia.org/wiki/London	17867	m.04jpl
753	CPA	http://en.wikipedia.org/wiki/Cocoa_Producers’_Alliance	18694048	nil
-DOCSTART-
754	International Chamber of Commerce	http://en.wikipedia.org/wiki/International_Chamber_of_Commerce	241185	m.01j_nt
755	London Metal Exchange	http://en.wikipedia.org/wiki/London_Metal_Exchange	223968	m.01gmc4
756	French Federation of Non-Ferrous Metals	nil	nil	nil
757	French Federation of Non-Ferrous Metals	nil	nil	nil
758	Association of White Metals	nil	nil	nil
759	Association of White Metals	nil	nil	nil
-DOCSTART-
760	Ohio	http://en.wikipedia.org/wiki/Ohio	22199	m.05kkh
761	Columbus	http://en.wikipedia.org/wiki/Columbus,_Ohio	5950	m.01smm
762	Reuter	http://en.wikipedia.org/wiki/Reuter	18998750	m.0ps53
763	Ohio	http://en.wikipedia.org/wiki/Ohio	22199	m.05kkh
764	ShellyShelly's Inc	http://en.wikipedia.org/wiki/Shelly%27s_Inc	38870332	m.0ryv2td
765	U.S. District Court of the Southern District in Ohio	http://en.wikipedia.org/wiki/United_States_District_Court_for_the_Southern_District_of_Ohio	1286445	m.04q619
766	Le Peep Restaurants Inc	http://en.wikipedia.org/wiki/Le_Peep_Restaurants_Inc	10386676	m.02qb4mp
-DOCSTART-
767	Drexel Burnham Lambert Inc	http://en.wikipedia.org/wiki/Drexel_Burnham_Lambert	1517879	m.057fhx
768	CNA Income Shares Inc	http://en.wikipedia.org/wiki/CNA_Income_Shares_Inc	1213285	m.04htqk
769	Securities and Exchange Commission	http://en.wikipedia.org/wiki/U.S._Securities_and_Exchange_Commission	55097	m.0fbr4
770	CNA Inc	http://en.wikipedia.org/wiki/CNA_Income_Shares_Inc	1213285	m.04htqk
-DOCSTART-
771	Nippon Telegraph and Telephone	http://en.wikipedia.org/wiki/Nippon_Telegraph_and_Telephone	197865	m.01c3fq
772	Northern Telecom	http://en.wikipedia.org/wiki/Nortel	21243	m.01p4mq
-DOCSTART-
773	Braodway Casinos Inc	nil	nil	nil
774	N.J.	http://en.wikipedia.org/wiki/New_Jersey	21648	m.05fjf
775	American Midland Corp	http://en.wikipedia.org/wiki/American_Midland_Corp	289963	m.01qg42
776	Atlantic City	http://en.wikipedia.org/wiki/Atlantic_City,_New_Jersey	106211	m.0qlrh
777	Carnival Cruise Lines Inc	http://en.wikipedia.org/wiki/Carnival_Cruise_Lines	319618	m.01vbj5
778	Atlantic City	http://en.wikipedia.org/wiki/Atlantic_City,_New_Jersey	106211	m.0qlrh
779	American Midland	http://en.wikipedia.org/wiki/American_Midland_Corp	289963	m.01qg42
780	American Midland	http://en.wikipedia.org/wiki/American_Midland_Corp	289963	m.01qg42
-DOCSTART-
781	Japan	http://en.wikipedia.org/wiki/Japan	15573	m.03_3d
-DOCSTART-
782	Leonardo Brito	http://en.wikipedia.org/wiki/Leonardo_Brito	15776934	m.03nt89v
783	Rio Grande do Sul	http://en.wikipedia.org/wiki/Rio_Grande_do_Sul	256268	m.01l_9d
784	Brasilia	http://en.wikipedia.org/wiki/Brasília	4752	m.01hy_
785	Sao Paulo	http://en.wikipedia.org/wiki/São_Paulo_(state)	229422	m.01hd58
786	Agriculture Ministry	http://en.wikipedia.org/wiki/Ministry_of_Agriculture_(Brazil)	31925759	m.0gvtml5
787	Parana	http://en.wikipedia.org/wiki/Paraná_(state)	229411	m.01hd3f
788	Brazil	http://en.wikipedia.org/wiki/Brazil	3383	m.015fr
789	Brito	http://en.wikipedia.org/wiki/Leonardo_Brito	15776934	m.03nt89v
790	Brito	http://en.wikipedia.org/wiki/Leonardo_Brito	15776934	m.03nt89v
791	Reuters	http://en.wikipedia.org/wiki/Reuters	18998750	m.0ps53
792	Brito	http://en.wikipedia.org/wiki/Leonardo_Brito	15776934	m.03nt89v
-DOCSTART-
793	DSM	http://en.wikipedia.org/wiki/DSM_(company)	1079743	m.0446xk
794	Amsterdam bourse	http://en.wikipedia.org/wiki/Amsterdam_Stock_Exchange	1696329	m.05p3tl
795	NV DSM	http://en.wikipedia.org/wiki/DSM_(company)	1079743	m.0446xk
796	Onno Ruding	http://en.wikipedia.org/wiki/Onno_Ruding	23689901	m.06zs7l3
797	Van Liemt	nil	nil	nil
798	Hans van Liemt	nil	nil	nil
799	DSMN.AS	http://en.wikipedia.org/wiki/DSM_(company)	1079743	m.0446xk
800	DSM	http://en.wikipedia.org/wiki/DSM_(company)	1079743	m.0446xk
-DOCSTART-
801	Digital Equipment Corp	http://en.wikipedia.org/wiki/Digital_Equipment_Corporation	7952	m.026v5
802	Teradyne Inc	http://en.wikipedia.org/wiki/Teradyne	1156271	m.04bzqp
-DOCSTART-
803	Thermwood	http://en.wikipedia.org/wiki/Thermwood_Corporation	22282521	m.05q53dg
804	Thermwood Corp	http://en.wikipedia.org/wiki/Thermwood_Corporation	22282521	m.05q53dg
-DOCSTART-
805	Providence	http://en.wikipedia.org/wiki/Providence,_Rhode_Island	19356538	m.0c1d0
806	Murray	http://en.wikipedia.org/wiki/J._Terence_Murray	19008613	m.04jmc3k
807	Fleet Financial	http://en.wikipedia.org/wiki/FleetBoston_Financial	570273	m.02r3yv
808	J. Terence Murray	http://en.wikipedia.org/wiki/J._Terence_Murray	19008613	m.04jmc3k
809	Fleet Financial Group	http://en.wikipedia.org/wiki/FleetBoston_Financial	570273	m.02r3yv
-DOCSTART-
810	ATT	http://en.wikipedia.org/wiki/AT%26T_Corporation	24536639	m.0dk11j
811	American Telephone and Telegraph Co	http://en.wikipedia.org/wiki/AT%26T_Corporation	24536639	m.0dk11j
-DOCSTART-
812	Montedison	http://en.wikipedia.org/wiki/Montedison	9407902	m.0287n4w
813	Agrimont	nil	nil	nil
814	Agrimont	nil	nil	nil
815	Italy	http://en.wikipedia.org/wiki/Italy	14532	m.03rjj
816	Montedison	http://en.wikipedia.org/wiki/Montedison	9407902	m.0287n4w
817	Milan	http://en.wikipedia.org/wiki/Milan	36511	m.0947l
818	Montedison	http://en.wikipedia.org/wiki/Montedison	9407902	m.0287n4w
819	Agrimont	nil	nil	nil
820	Montedison	http://en.wikipedia.org/wiki/Montedison	9407902	m.0287n4w
821	Europe	http://en.wikipedia.org/wiki/Europe	9239	m.02j9z
822	Ferruzzi	nil	nil	nil
823	Eridania SPA	nil	nil	nil
824	Italiana Olii e Sifi	nil	nil	nil
825	Ettore dellIsola	http://en.wikipedia.org/wiki/Ettore_dellIsola	14078656	m.03cswj4
826	Agrimont	nil	nil	nil
827	Agrimont Group	nil	nil	nil
828	Montedison	http://en.wikipedia.org/wiki/Montedison	9407902	m.0287n4w
829	Ferruzzi Groups	nil	nil	nil
830	U.S	http://en.wikipedia.org/wiki/United_States	3434750	m.09c7w0
831	Renato Picco	nil	nil	nil
832	Montedison	http://en.wikipedia.org/wiki/Montedison	9407902	m.0287n4w
833	Montedison SPA	http://en.wikipedia.org/wiki/Montedison	9407902	m.0287n4w
834	Agrimont SPA	nil	nil	nil
835	Montedisons Agro-Industrial	nil	nil	nil
836	Gianfranco Ceroni	http://en.wikipedia.org/wiki/Gianfranco_Ceroni	4225230	nil
-DOCSTART-
837	Japan	http://en.wikipedia.org/wiki/Japan	15573	m.03_3d
838	Tokyo	http://en.wikipedia.org/wiki/Tokyo	30057	m.07dfk
839	DTI	http://en.wikipedia.org/wiki/Department_of_Trade_and_Industry_(United_Kingdom)	304272	m.01s95c
840	Japan	http://en.wikipedia.org/wiki/Japan	15573	m.03_3d
841	Japan	http://en.wikipedia.org/wiki/Japan	15573	m.03_3d
842	France	http://en.wikipedia.org/wiki/France	5843419	m.0f8l9c
843	Switzerland	http://en.wikipedia.org/wiki/Switzerland	26748	m.06mzp
844	Finance Ministry	http://en.wikipedia.org/wiki/Ministry_of_Finance_(Japan)	870389	m.03k6sq
845	Holland	http://en.wikipedia.org/wiki/Netherlands	21148	m.059j2
846	U.S	http://en.wikipedia.org/wiki/United_States	3434750	m.09c7w0
847	U.S. Securities and Exchange Commission	http://en.wikipedia.org/wiki/U.S._Securities_and_Exchange_Commission	55097	m.0fbr4
848	West Germany	http://en.wikipedia.org/wiki/West_Germany	33166	m.082fr
849	London	http://en.wikipedia.org/wiki/London	17867	m.04jpl
850	U.K. Government	http://en.wikipedia.org/wiki/Government_of_the_United_Kingdom	25318118	m.09g9s5g
851	Britain	http://en.wikipedia.org/wiki/United_Kingdom	31717	m.07ssc
852	Japans Finance Ministry	http://en.wikipedia.org/wiki/Ministry_of_Finance_(Japan)	870389	m.03k6sq
853	U.K	http://en.wikipedia.org/wiki/United_Kingdom	31717	m.07ssc
854	London commodities and metal exchanges	http://en.wikipedia.org/wiki/London_Metal_Exchange	223968	m.01gmc4
855	Canada	http://en.wikipedia.org/wiki/Canada	5042916	m.0d060g
856	London International Financial Futures Exchange	http://en.wikipedia.org/wiki/London_International_Financial_Futures_and_Options_Exchange	703185	m.0342xh
857	Australia	http://en.wikipedia.org/wiki/Australia	4689264	m.0chghy
858	U.K	http://en.wikipedia.org/wiki/United_Kingdom	31717	m.07ssc
859	U.S	http://en.wikipedia.org/wiki/United_States	3434750	m.09c7w0
860	U.S	http://en.wikipedia.org/wiki/United_States	3434750	m.09c7w0
861	Japan	http://en.wikipedia.org/wiki/Japan	15573	m.03_3d
862	Department of Trade and Industry	http://en.wikipedia.org/wiki/Department_of_Trade_and_Industry_(United_Kingdom)	304272	m.01s95c
863	Hong Kong	http://en.wikipedia.org/wiki/Hong_Kong	13404	m.03h64
-DOCSTART-
864	Morgan	http://en.wikipedia.org/wiki/J._P._Morgan	181579	m.018tj4
865	J.P. Morgan and Co Inc	http://en.wikipedia.org/wiki/J._P._Morgan	181579	m.018tj4
866	Morgan	http://en.wikipedia.org/wiki/J._P._Morgan	181579	m.018tj4
867	Brazil	http://en.wikipedia.org/wiki/Brazil	3383	m.015fr
868	Brazil	http://en.wikipedia.org/wiki/Brazil	3383	m.015fr
869	Morgan	http://en.wikipedia.org/wiki/J._P._Morgan	181579	m.018tj4
870	Morgan	http://en.wikipedia.org/wiki/J._P._Morgan	181579	m.018tj4
871	Morgan	http://en.wikipedia.org/wiki/J._P._Morgan	181579	m.018tj4
872	Brazil	http://en.wikipedia.org/wiki/Brazil	3383	m.015fr
873	Morgan	http://en.wikipedia.org/wiki/J._P._Morgan	181579	m.018tj4
874	Brazil	http://en.wikipedia.org/wiki/Brazil	3383	m.015fr
-DOCSTART-
875	Brazil	http://en.wikipedia.org/wiki/Brazil	3383	m.015fr
-DOCSTART-
876	Securities and Exchange Commission	http://en.wikipedia.org/wiki/U.S._Securities_and_Exchange_Commission	55097	m.0fbr4
877	Avnet	http://en.wikipedia.org/wiki/Avnet	4560194	m.0c8xmc
878	Avnet Inc	http://en.wikipedia.org/wiki/Avnet	4560194	m.0c8xmc
879	Dillon Read and Co Inc	http://en.wikipedia.org/wiki/Dillon,_Read_%26_Co.	1342904	m.04v7lw
