-DOCSTART-
0	Rory Maher	http://en.wikipedia.org/wiki/Rory_Maher	54545933	nil
1	CapStone Investments	nil	nil	nil
-DOCSTART-
2	Gannett	http://en.wikipedia.org/wiki/Gannett_Company	418611	m.02630g
3	Clark-Johnson	http://en.wikipedia.org/wiki/Sue_Clark-Johnson	4635146	m.0cdrgw
-DOCSTART-
4	Protect Our Jobs	nil	nil	nil
5	Andrew Nickelhoff	nil	nil	nil
-DOCSTART-
6	Chicago White Sox	http://en.wikipedia.org/wiki/Chicago_White_Sox	5945	m.01slc
7	Kevin Youkilis	http://en.wikipedia.org/wiki/Kevin_Youkilis	879062	m.03l3rf
-DOCSTART-
8	Jessica Joyce	http://en.wikipedia.org/wiki/Jessica_Joyce	343554	m.01yf85
9	Bed Bath	http://en.wikipedia.org/wiki/Bed_Bath_%26_Beyond	517515	m.02kpnw
-DOCSTART-
10	Chinese Association for Protecting the Diaoyutais	http://en.wikipedia.org/wiki/Chinese_Association_for_Protecting_the_Diaoyutais	15293864	m.03hpbcg
11	Hsieh	nil	nil	nil
-DOCSTART-
12	Joe Ford	http://en.wikipedia.org/wiki/Joe_Ford	26941506	m.0bm9v9g
13	Justin	http://en.wikipedia.org/wiki/Justin_Ford	25478172	m.09rwxzw
-DOCSTART-
14	Bo Xilai	http://en.wikipedia.org/wiki/Bo_Xilai	528159	m.02lwg2
15	Communist Party	http://en.wikipedia.org/wiki/Communist_Party_of_China	7175	m.02189
-DOCSTART-
16	Schwebel Baking Co.	nil	nil	nil
17	Joseph Schwebel	nil	nil	nil
-DOCSTART-
18	Jackson County	http://en.wikipedia.org/wiki/Jackson_County_Volleyball	5981991	m.0fh_3c
19	Jaycee Caylor	nil	nil	nil
-DOCSTART-
20	Cory Curtis	http://en.wikipedia.org/wiki/Cory_Curtis	68375	m.0hwqg
21	Gregoire	http://en.wikipedia.org/wiki/Christine_Gregoire	893301	m.03mfmb
-DOCSTART-
22	Protect Our Jobs	nil	nil	nil
23	Andrew Nickelhoff	nil	nil	nil
-DOCSTART-
24	Apple	http://en.wikipedia.org/wiki/Apple_Inc.	856	m.0k8z
25	Tim Cook	http://en.wikipedia.org/wiki/Tim_Cook	46878774	nil
-DOCSTART-
26	Hearst Corp.	http://en.wikipedia.org/wiki/Hearst_Corporation	14325	m.03qbm
27	Frank Bennack Jr	nil	nil	nil
-DOCSTART-
28	ACLU	http://en.wikipedia.org/wiki/American_Civil_Liberties_Union	1950	m.0vkm
29	Sandra Park	nil	nil	nil
-DOCSTART-
30	Aurora	http://en.wikipedia.org/wiki/Aurora,_Colorado	108353	m.0r8hc
31	Denver	http://en.wikipedia.org/wiki/Denver	8522	m.02cl1
-DOCSTART-
32	Council	http://en.wikipedia.org/wiki/Council_on_American-Islamic_Relations-Michigan	159138	m.014_q8
33	Dawud Walid	http://en.wikipedia.org/wiki/Dawud_Walid	4077219	m.0bgxc7
-DOCSTART-
34	Hospital	http://en.wikipedia.org/wiki/National_Taiwan_University_Hospital	962703	m.03try6
35	Tan	nil	nil	nil
-DOCSTART-
36	Jim Donnan	http://en.wikipedia.org/wiki/Jim_Donnan	5848832	m.0f8xcm
37	Former Marshall University	http://en.wikipedia.org/wiki/Marshall_University	560365	m.02q253
-DOCSTART-
38	Gabor Vona	nil	nil	nil
39	Jobbik	http://en.wikipedia.org/wiki/Jobbik	4019500	m.0bcv24
-DOCSTART-
40	AFP	http://en.wikipedia.org/wiki/Agence_France-Presse	471981	m.02dlk9
41	Giang	nil	nil	nil
-DOCSTART-
42	Kentucky	http://en.wikipedia.org/wiki/Republican_Party_of_Kentucky	11345596	m.02r8fh0
43	Darrell Brock	http://en.wikipedia.org/wiki/Darrell_Brock_Jr.	3323421	m.095tkm
-DOCSTART-
44	Russia in Global Affairs	http://en.wikipedia.org/wiki/Russia_in_Global_Affairs	25391	m.06bnz
45	Fyodor Lukyanov	http://en.wikipedia.org/wiki/Fyodor_Lukyanov	54666785	nil
-DOCSTART-
46	Erika Monterroza	nil	nil	nil
47	California	http://en.wikipedia.org/wiki/Occupational_safety_and_health	35319154	m.035sx5
-DOCSTART-
48	Boston Red Sox	http://en.wikipedia.org/wiki/Boston_Red_Sox	4339	m.01d5z
49	Bobby Valentine	http://en.wikipedia.org/wiki/Bobby_Valentine	1105870	m.046gbn
-DOCSTART-
50	CBS News	http://en.wikipedia.org/wiki/CBS_News	359551	m.01_8w2
51	Holloway	http://en.wikipedia.org/wiki/Corrie_Holloway	18527816	m.04f1q7p
-DOCSTART-
52	Route 29 Batman	http://en.wikipedia.org/wiki/Route_29_Batman	47561395	nil
53	Lenny B. Robinson	http://en.wikipedia.org/wiki/Lenny_B._Robinson	47561395	nil
-DOCSTART-
54	U.S.-Japan Council	http://en.wikipedia.org/wiki/U.S.-Japan_Council	42576236	nil
55	IRENE HIRANO INOUYE	http://en.wikipedia.org/wiki/IRENE_HIRANO_INOUYE	15500324	m.03mc9hh
-DOCSTART-
56	Columbus	http://en.wikipedia.org/wiki/Columbus,_Ohio	5950	m.01smm
57	Knupp	nil	nil	nil
-DOCSTART-
58	Carolyn Beem	nil	nil	nil
59	L.L. Bean	http://en.wikipedia.org/wiki/L.L.Bean	861708	m.03j8n0
-DOCSTART-
60	GOP	http://en.wikipedia.org/wiki/Republican_Party_(United_States)	32070	m.07wbk
61	Rep. John Adams	http://en.wikipedia.org/wiki/John_Adams	10410626	m.03_js
-DOCSTART-
62	MLB Network	http://en.wikipedia.org/wiki/MLB_Network	14830794	m.03gzdl_
63	Harold Reynolds	http://en.wikipedia.org/wiki/Harold_Reynolds	872377	m.03kfpv
-DOCSTART-
64	Former Major League	http://en.wikipedia.org/wiki/Major_League_Baseball	38776	m.09p14
65	Rico Brogna	http://en.wikipedia.org/wiki/Rico_Brogna	6275327	m.0f_44_
-DOCSTART-
66	Amnesty International	http://en.wikipedia.org/wiki/Amnesty_International	18947898	m.012l0
67	Sharon Singh	nil	nil	nil
-DOCSTART-
68	Ivan Sorbel	nil	nil	nil
69	Pine Ridge Chamber	http://en.wikipedia.org/wiki/Pine_Ridge_Chamber_of_Commerce	1031482	m.03_x36
-DOCSTART-
70	Keith Bodine	http://en.wikipedia.org/wiki/Keith_Bodine	606531	m.02vwt_
71	Sweetgrass Farm Winery	http://en.wikipedia.org/wiki/Sweetgrass_Farm_Winery_%26_Distillery	17678574	nil
-DOCSTART-
72	Obamacare	http://en.wikipedia.org/wiki/Patient_Protection_and_Affordable_Care_Act	25226624	m.09g7pqs
73	Affordable Care Act	http://en.wikipedia.org/wiki/Patient_Protection_and_Affordable_Care_Act	25226624	m.09g7pqs
-DOCSTART-
74	Irma Gorham	http://en.wikipedia.org/wiki/Irma_Gorham	44470305	nil
75	Paterson Housing Authority	http://en.wikipedia.org/wiki/Paterson_Housing_Authority	3059677	m.08nsz6
-DOCSTART-
76	Miriam	http://en.wikipedia.org/wiki/Miriam_Adelson	34504555	nil
77	Adelson	http://en.wikipedia.org/wiki/Sheldon_Adelson	1599923	m.05fm_h
-DOCSTART-
78	Industrial Foundation	http://en.wikipedia.org/wiki/Woodward_Industrial_Foundation	130674	m.0zby2
79	LaVern Phillips	http://en.wikipedia.org/wiki/LaVern_Phillips	12371040	nil
-DOCSTART-
80	Donnan	http://en.wikipedia.org/wiki/Donnan	6732652	m.0gl2py
81	Ed Tolley	http://en.wikipedia.org/wiki/Ed_Tolley	1097921	m.045tjw
-DOCSTART-
82	Oak Glen	http://en.wikipedia.org/wiki/Oak_Glen_football_team	3028110	m.08lkwy
83	Chris Enochs	http://en.wikipedia.org/wiki/Chris_Enochs	54434933	nil
-DOCSTART-
84	Josh Beckett	http://en.wikipedia.org/wiki/Josh_Beckett	351303	m.01z9th
85	Baltimore Orioles	http://en.wikipedia.org/wiki/Baltimore_Orioles	4340	m.01d6g
-DOCSTART-
86	National School Choice Week	http://en.wikipedia.org/wiki/National_School_Choice_Week	41842649	m.0_l2d0y
87	Kyle Olson	http://en.wikipedia.org/wiki/Kyle_Olson	58764471	nil
-DOCSTART-
88	International Joint	http://en.wikipedia.org/wiki/International_Joint_Command	48608874	nil
89	Col. Hagen Messer	http://en.wikipedia.org/wiki/Hagen_Messer	8624449	m.027bh07
-DOCSTART-
90	Yang	http://en.wikipedia.org/wiki/Yang_Mei-ling	6201174	m.0fwg_4
91	Control Yuan	http://en.wikipedia.org/wiki/Control_Yuan	378811	m.021b9y
-DOCSTART-
92	Francois Legault	nil	nil	nil
93	Coalition Avenir Quebec	http://en.wikipedia.org/wiki/Coalition_Avenir_Québec	31110908	m.0gh6kkd
-DOCSTART-
94	Bruce Bochy	http://en.wikipedia.org/wiki/Bruce_Bochy	2194854	m.06v0wk
95	Giants	http://en.wikipedia.org/wiki/New_York_Giants	21757	m.05gg4
-DOCSTART-
96	Jeff Myers	http://en.wikipedia.org/wiki/Jeff_Myers	46952448	nil
97	Gander Mountain	http://en.wikipedia.org/wiki/Gander_Mountain	48780064	nil
-DOCSTART-
98	U.S.	http://en.wikipedia.org/wiki/United_States	3434750	m.09c7w0
99	Churkin	http://en.wikipedia.org/wiki/Vitaly_Churkin	5491719	m.0dp5k1
-DOCSTART-
100	Jon Hurst	http://en.wikipedia.org/wiki/Jon_Hurst	136644	m.0109cg
101	Retailers Association of Massachusetts	http://en.wikipedia.org/wiki/Retailers_Association_of_Massachusetts	1376762	m.04xvp5
-DOCSTART-
102	Mitt Romney	http://en.wikipedia.org/wiki/Mitt_Romney	426208	m.0271_s
103	GOP	http://en.wikipedia.org/wiki/Republican_Party_(United_States)	32070	m.07wbk
-DOCSTART-
104	Animal Industry	http://en.wikipedia.org/wiki/Department_of_Animal_Industry	18680380	m.04glqhv
105	Chen	nil	nil	nil
-DOCSTART-
106	Honican	nil	nil	nil
107	Children 's Hospital	nil	nil	nil
-DOCSTART-
108	Dan Bell	http://en.wikipedia.org/wiki/Dan_Bell	1296564	m.04qt29
109	Fox	http://en.wikipedia.org/wiki/Fox	11299	m.0306r
-DOCSTART-
110	Bud Bunce	http://en.wikipedia.org/wiki/Bud_Bunce	651532	m.02_pbr
111	Portland Archdiocese	http://en.wikipedia.org/wiki/Roman_Catholic_Archdiocese_of_Portland_in_Oregon	1884953	m.063n1n
-DOCSTART-
112	LDS Church	http://en.wikipedia.org/wiki/The_Church_of_Jesus_Christ_of_Latter-day_Saints	5935	m.0g5llry
113	Elder Walker	http://en.wikipedia.org/wiki/Elder_Walker	325142	m.01w1d3
-DOCSTART-
114	Hu Zhanfan	nil	nil	nil
115	CCTV	http://en.wikipedia.org/wiki/China_Central_Television	77894	m.0kcyk
-DOCSTART-
116	La Luz	nil	nil	nil
117	Alvaro Enciso	nil	nil	nil
-DOCSTART-
118	Foote	nil	nil	nil
119	Portland	http://en.wikipedia.org/wiki/Portland,_Maine	44591	m.0c4kv
-DOCSTART-
120	Lo	http://en.wikipedia.org/wiki/Lo_Fu-chen	10640635	m.02qk_3m
121	President Ma Ying-jeou	http://en.wikipedia.org/wiki/Ma_Ying-jeou	155608	m.014d02
-DOCSTART-
122	I.I.H.S.	http://en.wikipedia.org/wiki/Insurance_Institute_for_Highway_Safety	1587285	m.05dmlb
123	Adrian Lund	nil	nil	nil
-DOCSTART-
124	Bernard Tomic	http://en.wikipedia.org/wiki/Bernard_Tomic	5057078	m.0d0svz
125	Federer	http://en.wikipedia.org/wiki/Roger_Federer	262376	m.01my95
-DOCSTART-
126	Boston	http://en.wikipedia.org/wiki/Boston_Red_Sox	4339	m.01d5z
127	Johnny Pesky	http://en.wikipedia.org/wiki/Johnny_Pesky	827711	m.03fcqp
-DOCSTART-
128	Helen Gurley Brown	http://en.wikipedia.org/wiki/Helen_Gurley_Brown	334263	m.01x8b5
129	Cosmo	http://en.wikipedia.org/wiki/Cosmopolitan_(magazine)	143871	m.01268b
-DOCSTART-
130	Boston	http://en.wikipedia.org/wiki/Boston_Red_Sox	4339	m.01d5z
131	Larry Lucchino	http://en.wikipedia.org/wiki/Larry_Lucchino	1096879	m.045qln
-DOCSTART-
132	Henry Kennedy	http://en.wikipedia.org/wiki/Henry_H._Kennedy,_Jr.	14716937	m.03gv6l5
133	Kieve-Wavus	nil	nil	nil
-DOCSTART-
134	Bureau of Land Management	http://en.wikipedia.org/wiki/Bureau_of_Land_Management	54139	m.0f4r5
135	Michael Campbell	http://en.wikipedia.org/wiki/Michael_Campbell	2141373	m.06ptrh
-DOCSTART-
136	Seth Borenstein	http://en.wikipedia.org/wiki/Seth_Borenstein	2804863	m.083sw6
137	Associated Press	http://en.wikipedia.org/wiki/Associated_Press	18935732	m.0cv_2
-DOCSTART-
138	Cleveland	http://en.wikipedia.org/wiki/Cleveland_Indians	6652	m.01yhm
139	Eric Wedge	http://en.wikipedia.org/wiki/Eric_Wedge	1942356	m.067thh
-DOCSTART-
140	Shinzo Nakanishi	http://en.wikipedia.org/wiki/Shinzo_Nakanishi	1059776	m.042ggk
141	Maruti	http://en.wikipedia.org/wiki/Maruti_Suzuki	1059776	m.042ggk
-DOCSTART-
142	Kim	http://en.wikipedia.org/wiki/Kim_Seung-youn	40238513	m.0wr67ks
143	Hanwha Group	http://en.wikipedia.org/wiki/Hanwha_Group	32047031	m.09d5dw
-DOCSTART-
144	David Eby	http://en.wikipedia.org/wiki/David_Eby	37603043	m.04_hy__
145	B.C. Civil Rights Association	http://en.wikipedia.org/wiki/B.C._Civil_Rights_Association	2497925	m.07j17n
-DOCSTART-
146	Sheik Hassan Nasrallah	http://en.wikipedia.org/wiki/Hassan_Nasrallah	313436	m.01thv7
147	Hezbollah	http://en.wikipedia.org/wiki/Hezbollah	13919	m.03m7d
-DOCSTART-
148	Deputy PM	http://en.wikipedia.org/wiki/Deputy_PM	360865	m.01_fjr
149	Madonna	http://en.wikipedia.org/wiki/Madonna_(entertainer)	142056	m.01vs_v8
-DOCSTART-
150	Leslie Drake	http://en.wikipedia.org/wiki/Leslie_Drake	3330576	m.0965zx
151	U.S. Commercial Service	http://en.wikipedia.org/wiki/U.S._Commercial_Service	4962194	m.0cx9zy
-DOCSTART-
152	Andrew Strauss	http://en.wikipedia.org/wiki/Andrew_Strauss	670087	m.031g75
153	England	http://en.wikipedia.org/wiki/England_cricket_team	759125	m.038zh6
-DOCSTART-
154	National Association of Student Financial Aid Administrators	http://en.wikipedia.org/wiki/National_Association_of_Student_Financial_Aid_Administrators	52497849	nil
155	Justin Draeger	http://en.wikipedia.org/wiki/Justin_Draeger	2693531	m.07ychz
-DOCSTART-
156	Melanie Sloan	http://en.wikipedia.org/wiki/Melanie_Sloan	3960541	m.0b8sns
157	Citizens for Responsibility and Ethics in Washington	http://en.wikipedia.org/wiki/Citizens_for_Responsibility_and_Ethics_in_Washington	1714915	m.05ql9c
-DOCSTART-
158	Dan Marino	http://en.wikipedia.org/wiki/Dan_Marino	11983460	m.01g140
159	Dolphins	http://en.wikipedia.org/wiki/Miami_Dolphins	19190	m.04vn5
-DOCSTART-
160	Steve McCausland	http://en.wikipedia.org/wiki/Steve_McCausland	255898	m.01ly1t
161	Maine State Police	http://en.wikipedia.org/wiki/Maine_State_Police	7945424	m.026k_qk
-DOCSTART-
162	Kristina King	http://en.wikipedia.org/wiki/Kristina_King	49613	m.0d5tp
163	Rockland	http://en.wikipedia.org/wiki/Rockland,_Maine	116041	m.0tqj0
-DOCSTART-
164	Education Department	http://en.wikipedia.org/wiki/Department_for_Education	27420396	m.0by1428
165	Liza Cordeiro	nil	nil	nil
-DOCSTART-
166	Carroll College	http://en.wikipedia.org/wiki/Carroll_College_(Montana)	773817	m.03bd0q
167	Mike Van Diest	http://en.wikipedia.org/wiki/Mike_Van_Diest	29185608	m.02qt_v_
-DOCSTART-
168	Jeff Bezos	http://en.wikipedia.org/wiki/Jeff_Bezos	142528	m.011z69
169	Amazon	http://en.wikipedia.org/wiki/Amazon.com	90451	m.0mgkg
-DOCSTART-
170	Los Angeles Dodgers	http://en.wikipedia.org/wiki/Los_Angeles_Dodgers	18213	m.04mjl
171	Peter O'Malley	http://en.wikipedia.org/wiki/Peter_O'Malley	3825935	m.0b1yz1
-DOCSTART-
172	Maine Renewable Energy	http://en.wikipedia.org/wiki/Maine_Renewable_Energy	25784	m.06fhs
173	Jeremy Payne	nil	nil	nil
-DOCSTART-
174	San Dimas Pharmacy	http://en.wikipedia.org/wiki/San_Dimas_Pharmacy	29934577	m.0fqncgp
175	Kalpana Patel	http://en.wikipedia.org/wiki/Kalpana_Patel	27403502	m.0c01k3r
-DOCSTART-
176	Bobby Egbert	http://en.wikipedia.org/wiki/Bobby_Egbert	6028828	m.01lh9hl
177	Port Authority	http://en.wikipedia.org/wiki/Port_authority	3553981	m.025ssc5
-DOCSTART-
178	Seattle Mariners	http://en.wikipedia.org/wiki/Seattle_Mariners	27660	m.06wpc
179	Felix Hernandez	nil	nil	nil
-DOCSTART-
180	Mary Keefe	http://en.wikipedia.org/wiki/Mary_Keefe	39161488	m.0t529yn
181	Pleasant Street neighborhood network center	http://en.wikipedia.org/wiki/Pleasant_Street_neighborhood_network_center	139225	m.021kxnb
-DOCSTART-
182	Sarah Rogers	http://en.wikipedia.org/wiki/Sarah_Rogers	7729	m.025dp
183	ACLU	http://en.wikipedia.org/wiki/American_Civil_Liberties_Union	1950	m.0vkm
-DOCSTART-
184	Bill McDonough	http://en.wikipedia.org/wiki/Bill_McDonough	5833190	m.01w_mhb
185	Milton	http://en.wikipedia.org/wiki/Milton,_Massachusetts	318619	m.01v6b2
-DOCSTART-
186	Morgan Durrant	http://en.wikipedia.org/wiki/Morgan_Durrant	34481181	m.0j27hn9
187	Delta	http://en.wikipedia.org/wiki/Delta_Air_Lines	77549	m.0k9ts
-DOCSTART-
188	West Virginia	http://en.wikipedia.org/wiki/West_Virginia	32905	m.081mh
189	Appalachian Power	http://en.wikipedia.org/wiki/Appalachian_Power	1648542	m.05khjc
-DOCSTART-
190	Chandler	http://en.wikipedia.org/wiki/Chandler,_Arizona	106644	m.0qpjt
191	Sgt. Tom Lovejoy	http://en.wikipedia.org/wiki/Tom_Lovejoy	6229412	m.0fxx78
-DOCSTART-
192	Alan Spinniken	nil	nil	nil
193	Eagle View Farms	http://en.wikipedia.org/wiki/Eagle_View_Farms	36282828	m.0k2kx21
-DOCSTART-
194	Defense Ministry	http://en.wikipedia.org/wiki/Ministry_of_Defence_(Czech_Republic)	22287355	m.05sz0_r
195	Jana Zechmeisterová	nil	nil	nil
-DOCSTART-
196	Van Garderen	http://en.wikipedia.org/wiki/Tejay_van_Garderen	27120878	m.0brybfg
197	BMC	http://en.wikipedia.org/wiki/BMC_Racing_Team	14993992	m.03h42qs
-DOCSTART-
198	MKA	http://en.wikipedia.org/wiki/Montclair_Kimberley_Academy	5482619	m.0dnts5
199	Debbie Kozak	http://en.wikipedia.org/wiki/Debbie_Kozak	41665582	m.0_8nqhx
-DOCSTART-
200	Fame	http://en.wikipedia.org/wiki/Hall_of_fame	1485413	m.0555fv
201	Michael Irvin	http://en.wikipedia.org/wiki/Michael_Irvin	449874	m.029wk8
-DOCSTART-
202	Barbara Yeninas	http://en.wikipedia.org/wiki/Barbara_Yeninas	16076593	m.03qnf7d
203	Springboard Healthcare Staffing	http://en.wikipedia.org/wiki/Springboard_Healthcare_Staffing_and_Search	125270	m.0xnjb
-DOCSTART-
204	Yehudith Oppenheimer	nil	nil	nil
205	Ir Amim	http://en.wikipedia.org/wiki/Ir_Amim	1262101	m.04n4jx
-DOCSTART-
206	Hernandez	nil	nil	nil
207	Seattle Mariners	http://en.wikipedia.org/wiki/Seattle_Mariners	27660	m.06wpc
-DOCSTART-
208	English Premier League	http://en.wikipedia.org/wiki/Premier_League	11250	m.02_tc
209	Manchester City	http://en.wikipedia.org/wiki/Manchester_City_F.C.	165813	m.01634x
-DOCSTART-
210	Sameer N. Yacoub	http://en.wikipedia.org/wiki/Sameer_N._Yacoub	20557247	m.01h7l_
211	Associated Press	http://en.wikipedia.org/wiki/Associated_Press	18935732	m.0cv_2
-DOCSTART-
212	Orange County	nil	nil	nil
213	Luis Luciano	http://en.wikipedia.org/wiki/Luis_Luciano	148456	m.0130rz
-DOCSTART-
214	Tigers	http://en.wikipedia.org/wiki/Tigers	30075	m.07dm6
215	Development Authority	http://en.wikipedia.org/wiki/Development_Authority	36188490	m.09bs2b
-DOCSTART-
216	Young Brothers	http://en.wikipedia.org/wiki/Young_Brothers	9729299	m.0cbm64
217	Glenn Hong	nil	nil	nil
-DOCSTART-
218	Spreck Rosekrans	nil	nil	nil
219	Environmental Defense	http://en.wikipedia.org/wiki/Environmental_Defense_Fund	1564855	m.05btjs
-DOCSTART-
220	Action News	http://en.wikipedia.org/wiki/Action_News	1905250	m.0654m5
221	Ryan Simms	http://en.wikipedia.org/wiki/Ryan_Simms	30785752	m.0gfgbfn
-DOCSTART-
222	Chief Cathy Lanier	http://en.wikipedia.org/wiki/Cathy_L._Lanier	8035409	m.026p9f7
223	D.C.	http://en.wikipedia.org/wiki/Washington,_D.C.	108956	m.0rh6k
-DOCSTART-
224	Butler Art Museum	http://en.wikipedia.org/wiki/Butler_Art_Museum	2697166	m.07ylcf
225	Louis Zona	nil	nil	nil
-DOCSTART-
226	Josh Beckett	http://en.wikipedia.org/wiki/Josh_Beckett	351303	m.01z9th
227	Baltimore	http://en.wikipedia.org/wiki/Baltimore_Orioles	4340	m.01d6g
-DOCSTART-
228	Charles Aznavour	http://en.wikipedia.org/wiki/Charles_Aznavour	91345	m.0mp4c
229	Georgia	http://en.wikipedia.org/wiki/Georgia_(country)	48768	m.0d0kn
-DOCSTART-
230	Lynitrah Woodson	nil	nil	nil
231	Jahlil	nil	nil	nil
-DOCSTART-
232	Catherine Lucey	nil	nil	nil
233	Daily News	http://en.wikipedia.org/wiki/Philadelphia_Daily_News	2069308	m.06j_jh
-DOCSTART-
234	John Holahan	http://en.wikipedia.org/wiki/John_Holahan	82745	m.0l6jb
235	Health Policy Center	http://en.wikipedia.org/wiki/Health_Policy_Center	8695082	m.027f8fj
-DOCSTART-
236	Vance Gulliksen	http://en.wikipedia.org/wiki/Vance_Gulliksen	54957	m.0f9wx
237	Carnival	http://en.wikipedia.org/wiki/Carnival_Corporation_%26_PLC	428998	m.027f6g
-DOCSTART-
238	Jacqueline Maguire	http://en.wikipedia.org/wiki/Jacqueline_Maguire	12891024	nil
239	FBI	http://en.wikipedia.org/wiki/Federal_Bureau_of_Investigation	11127	m.02_1m
-DOCSTART-
240	Jonelle Kearney	nil	nil	nil
241	Mid-America Asset Management	http://en.wikipedia.org/wiki/Mid-America_Asset_Management	2378633	m.077qlb
-DOCSTART-
242	Felix Hernandez	nil	nil	nil
243	Seattle Mariners	http://en.wikipedia.org/wiki/Seattle_Mariners	27660	m.06wpc
-DOCSTART-
244	John Smoltz	http://en.wikipedia.org/wiki/John_Smoltz	391489	m.022rx7
245	MLB	http://en.wikipedia.org/wiki/Major_League_Baseball	38776	m.09p14
-DOCSTART-
246	Tom Thibodeau	http://en.wikipedia.org/wiki/Tom_Thibodeau	17130725	m.043jv80
247	Bulls	http://en.wikipedia.org/wiki/Chicago_Bulls	72866	m.0jm74
-DOCSTART-
248	Maine	http://en.wikipedia.org/wiki/Maine	19977	m.050ks
249	Dish	http://en.wikipedia.org/wiki/Dish_Network	77784	m.0kc4f
-DOCSTART-
250	Harbin Pacific Electric	http://en.wikipedia.org/wiki/Harbin_Pacific_Electric	143373	m.0123gq
251	Nasdaq	http://en.wikipedia.org/wiki/NASDAQ	21559	m.05dq_
-DOCSTART-
252	Detroit Federation of Teachers	http://en.wikipedia.org/wiki/Detroit_Federation_of_Teachers	591604	m.02t5xc
253	Keith Johnson	http://en.wikipedia.org/wiki/Keith_Johnson	3752631	m.09z3n2
-DOCSTART-
254	Indianapolis	http://en.wikipedia.org/wiki/Indianapolis	57707	m.0ftxw
255	McKain	http://en.wikipedia.org/wiki/McKain	36017810	nil
-DOCSTART-
256	Danny Kanner	http://en.wikipedia.org/wiki/Danny_Kanner	32162913	m.0cnbrgy
257	Ryan	http://en.wikipedia.org/wiki/Paul_Ryan	409052	m.024v2j
-DOCSTART-
258	Joint Chiefs	http://en.wikipedia.org/wiki/Joint_Chiefs_of_Staff	195322	m.01brfl
259	Army Gen. Martin Dempsey	http://en.wikipedia.org/wiki/Martin_Dempsey	381353	m.021mtp
-DOCSTART-
260	Catherine Crump	http://en.wikipedia.org/wiki/Catherine_Crump	46857376	nil
261	ACLU	http://en.wikipedia.org/wiki/American_Civil_Liberties_Union	1950	m.0vkm
-DOCSTART-
262	DMV	http://en.wikipedia.org/wiki/Department_of_Motor_Vehicles	549212	m.02n_2g
263	Jan Mendoza	http://en.wikipedia.org/wiki/Jan_Mendoza	23750551	m.0fr5jhz
-DOCSTART-
264	Klein	http://en.wikipedia.org/wiki/Glenda_Klein	4243480	m.0br_v2
265	Portland	http://en.wikipedia.org/wiki/Portland,_Maine	44591	m.0c4kv
-DOCSTART-
266	GOP	http://en.wikipedia.org/wiki/Republican_Party_(United_States)	32070	m.07wbk
267	Mitt Romney	http://en.wikipedia.org/wiki/Mitt_Romney	426208	m.0271_s
-DOCSTART-
268	Husted	http://en.wikipedia.org/wiki/Jon_A._Husted	15724141	m.03nr8j6
269	Cincinnati	http://en.wikipedia.org/wiki/Eric_Kearney	9221557	m.0280qyp
-DOCSTART-
270	Alabama	http://en.wikipedia.org/wiki/University_of_Alabama	327950	m.01wdl3
271	Bobby Wyatt	http://en.wikipedia.org/wiki/Bobby_Wyatt	51910825	nil
-DOCSTART-
272	Halekulani PR	http://en.wikipedia.org/wiki/Halekulani_PR	47160473	nil
273	Diane Ako	http://en.wikipedia.org/wiki/Diane_Ako	54865333	nil
-DOCSTART-
274	Mariners	http://en.wikipedia.org/wiki/Seattle_Mariners	27660	m.06wpc
275	Eric Wedge	http://en.wikipedia.org/wiki/Eric_Wedge	1942356	m.067thh
-DOCSTART-
276	Dan Walsch	nil	nil	nil
277	George Mason University	http://en.wikipedia.org/wiki/George_Mason_University	12566	m.039d4
-DOCSTART-
278	New York Medical College	http://en.wikipedia.org/wiki/New_York_Medical_College	745147	m.037sc0
279	Dr. Moran	http://en.wikipedia.org/wiki/Benjamin_J._Moran	31804297	m.0gtwz76
-DOCSTART-
280	Darryl Larson	http://en.wikipedia.org/wiki/Darryl_Larson	15038191	m.03qcgr2
281	Mr. Lai	http://en.wikipedia.org/wiki/Mr._Lai%27s_defense_team	68292	m.0hw2t
-DOCSTART-
282	England	http://en.wikipedia.org/wiki/England_cricket_team	759125	m.038zh6
283	Andrew Strauss	http://en.wikipedia.org/wiki/Andrew_Strauss	670087	m.031g75
-DOCSTART-
284	Moosehead Lake Region Chamber	http://en.wikipedia.org/wiki/Moosehead_Lake_Region_Chamber	714569	m.0354md
285	Bob Hamer	nil	nil	nil
-DOCSTART-
286	Danny Kanner	http://en.wikipedia.org/wiki/Danny_Kanner	32162913	m.0cnbrgy
287	Ryan	http://en.wikipedia.org/wiki/Paul_Ryan	409052	m.024v2j
-DOCSTART-
288	Liddell	http://en.wikipedia.org/wiki/Eric_Liddell	467009	m.02czkm
289	February	http://en.wikipedia.org/wiki/February	10845	m.02xx5
-DOCSTART-
290	Army	http://en.wikipedia.org/wiki/United_States_Army	32087	m.07wh1
291	Alexandru Ivan	http://en.wikipedia.org/wiki/Alexandru_Ivan	1047454	m.041cnc
-DOCSTART-
292	Kelley Blue Book	http://en.wikipedia.org/wiki/Kelley_Blue_Book	2187402	m.06tg39
293	Alec Gutierrez	nil	nil	nil
-DOCSTART-
294	IHS Cambridge Energy Research Associates	http://en.wikipedia.org/wiki/IHS_Cambridge_Energy_Research_Associates	2567281	m.07nhbl
295	Daniel Yergin	http://en.wikipedia.org/wiki/Daniel_Yergin	1230540	m.04kg6g
-DOCSTART-
296	Ewa Beach	nil	nil	nil
297	Aiea	http://en.wikipedia.org/wiki/Aiea,_Hawaii	110499	m.0r_qp
-DOCSTART-
298	Manchester City	http://en.wikipedia.org/wiki/Manchester_City_F.C.	165813	m.01634x
299	Chelsea	http://en.wikipedia.org/wiki/Chelsea_F.C.	7473	m.023fb
-DOCSTART-
300	Klein	http://en.wikipedia.org/wiki/Glenda_Klein	4243480	m.0br_v2
301	Portland	http://en.wikipedia.org/wiki/Portland,_Maine	44591	m.0c4kv
-DOCSTART-
302	U.S.	http://en.wikipedia.org/wiki/United_States_Citizenship_and_Immigration_Services	3805309	m.021psw
303	Alejandro Mayorkas	http://en.wikipedia.org/wiki/Alejandro_Mayorkas	36383539	m.076x2y9
-DOCSTART-
304	CNN	http://en.wikipedia.org/wiki/CNN	62028	m.0gsgr
305	Jon Klein	http://en.wikipedia.org/wiki/Jonathan_Klein_(CNN)	6549709	m.0g9vd1
-DOCSTART-
306	Lawsky	http://en.wikipedia.org/wiki/Benjamin_Lawsky	36668640	m.0kvg88b
307	David Neustadt	http://en.wikipedia.org/wiki/David_Neustadt	1030100	m.03_sg1
-DOCSTART-
308	Engstrom	http://en.wikipedia.org/wiki/Rob_Engstrom	17731827	nil
309	Summers	http://en.wikipedia.org/wiki/Charles_E._Summers,_Jr.	4738675	m.0ckrmz
-DOCSTART-
310	Tony Romo	http://en.wikipedia.org/wiki/Tony_Romo	3367235	m.097yk7
311	Cowboys	http://en.wikipedia.org/wiki/Dallas_Cowboys	8121	m.02896
-DOCSTART-
312	Australia	http://en.wikipedia.org/wiki/Casey_Dellacqua	8295643	m.026zdkf
313	Johanna Larsson	http://en.wikipedia.org/wiki/Johanna_Larsson_%28tennis%29	51509551	nil
-DOCSTART-
314	Gazette	http://en.wikipedia.org/wiki/The_Charleston_Gazette	26022088	m.0b6m0bz
315	Rick Steelhammer	http://en.wikipedia.org/wiki/Rick_Steelhammer	23804840	m.042frh
-DOCSTART-
316	Central	http://en.wikipedia.org/wiki/Miami_Central	48981394	nil
317	Telly Lockette	nil	nil	nil
-DOCSTART-
318	FCC	http://en.wikipedia.org/wiki/Federal_Communications_Commission	55974	m.0fjdq
319	Julius Genachowski	http://en.wikipedia.org/wiki/Julius_Genachowski	20095123	m.04ybx0z
-DOCSTART-
320	Dallas Educational Foundation	http://en.wikipedia.org/wiki/Dallas_Educational_Foundation	879004	m.03l3k8
321	Chad Lojewski	http://en.wikipedia.org/wiki/Chad_Lojewski	34684	nil
-DOCSTART-
322	Steve Smith	http://en.wikipedia.org/wiki/Steve_Smith_(wide_receiver,_born_1979)	486625	m.02g9nt
323	Carolina	http://en.wikipedia.org/wiki/Carolina_Panthers	6610	m.01y3c
-DOCSTART-
324	November	http://en.wikipedia.org/wiki/November	21445	m.05cw8
325	Champion	nil	nil	nil
-DOCSTART-
326	Capital Art Center	nil	nil	nil
327	York Hsiao	http://en.wikipedia.org/wiki/York_Hsiao	8432497	m.02736ym
-DOCSTART-
328	Castles Unlimited Real Estate	nil	nil	nil
329	Jim Lowenstern	nil	nil	nil
-DOCSTART-
330	Donald Young	http://en.wikipedia.org/wiki/Donald_Young_%28tennis%29	2667140	m.07wkps
331	Jesse Levine	http://en.wikipedia.org/wiki/Jesse_Levine	3735973	m.09y33t
-DOCSTART-
332	Maine	http://en.wikipedia.org/wiki/New_England_Cable_News	3264747	m.0924n0
333	Marnie Maclean	nil	nil	nil
-DOCSTART-
334	John Legend	http://en.wikipedia.org/wiki/John_Legend	1575279	m.01wcp_g
335	Grammy	http://en.wikipedia.org/wiki/Grammy_Award	44635	m.0c4ys
-DOCSTART-
336	State Secretariat for Economic Affairs	http://en.wikipedia.org/wiki/State_Secretariat_for_Economic_Affairs	498315	m.02hnp0
337	SECO	http://en.wikipedia.org/wiki/State_Secretariat_for_Economic_Affairs	498315	m.02hnp0
-DOCSTART-
338	Eric Gregory	http://en.wikipedia.org/wiki/Eric_Gregory	3984143	m.0bb0kw
339	Kentucky Distillers	http://en.wikipedia.org/wiki/Kentucky_Distillers_Association	14644659	m.03grpn1
-DOCSTART-
340	Boingo Wireless	http://en.wikipedia.org/wiki/Boingo_Wireless	10401818	m.02h5ccf
341	Christian Gunning	nil	nil	nil
-DOCSTART-
342	Josh Niblett	http://en.wikipedia.org/wiki/Josh_Niblett	51049645	nil
343	Hoover	http://en.wikipedia.org/wiki/Hoover,_Alabama	104786	m.0q83f
-DOCSTART-
344	Dr. Rahul Gupta	http://en.wikipedia.org/wiki/Rahul_Gupta	305010	m.01sd6z
345	Kanawha	http://en.wikipedia.org/wiki/Kanawha-Charleston_Health_Department	41606729	m.0_1l9xl
-DOCSTART-
346	Defense Force	http://en.wikipedia.org/wiki/Australian_Defence_Force	67538	m.0hrgd
347	Angus Houston	http://en.wikipedia.org/wiki/Angus_Houston	1753448	m.05t8cm
-DOCSTART-
348	Eric Tucker	http://en.wikipedia.org/wiki/Eric_Tucker	796076	m.03cqm2
349	Associated Press	http://en.wikipedia.org/wiki/Associated_Press	18935732	m.0cv_2
-DOCSTART-
350	Prevent Child	http://en.wikipedia.org/wiki/Prevent_Child_Abuse_America	2955547	m.08f_58
351	Ben Tanzer	nil	nil	nil
-DOCSTART-
352	McLean Poulin	http://en.wikipedia.org/wiki/McLean_Poulin	1070791	nil
353	Hampden	http://en.wikipedia.org/wiki/Hampden_Academy	5199582	m.0d7gn8
-DOCSTART-
354	Bob Anderson	nil	nil	nil
355	South Charleston Convention	http://en.wikipedia.org/wiki/South_Charleston_Convention_and_Visitors_Bureau	151028	m.013k_b
-DOCSTART-
356	Bob Young	nil	nil	nil
357	Young Appliance	http://en.wikipedia.org/wiki/Young_Appliance	52031415	nil
-DOCSTART-
358	Planned Parenthood Federation	http://en.wikipedia.org/wiki/Planned_Parenthood	503193	m.02j4dr
359	Cecile Richards	http://en.wikipedia.org/wiki/Cecile_Richards	6693719	m.0ghmp4
-DOCSTART-
360	Tucson	http://en.wikipedia.org/wiki/Tucson,_Arizona	57180	m.0fr0t
361	DPS	http://en.wikipedia.org/wiki/Department_of_Public_Safety	1086554	m.044svw
-DOCSTART-
362	Agustin Pichot	nil	nil	nil
363	Argentina	http://en.wikipedia.org/wiki/Argentina_national_football_team	454699	m.02bh_v
-DOCSTART-
364	Alberto Contador	http://en.wikipedia.org/wiki/Alberto_Contador	5606060	m.0dvy64
365	France	http://en.wikipedia.org/wiki/Tour_de_France	30498	m.07hn5
-DOCSTART-
366	Justin Higgs	nil	nil	nil
367	Chevron	http://en.wikipedia.org/wiki/Chevron_Corporation	284749	m.01pvx3
-DOCSTART-
368	John Haire	http://en.wikipedia.org/wiki/John_Haire	7236720	m.0krxk8
369	Edwards Air Force Base	http://en.wikipedia.org/wiki/Edwards_Air_Force_Base	107530	m.0q_47
-DOCSTART-
370	Maine Center	http://en.wikipedia.org/wiki/Maine_Center_for_Disease_Control	13737983	m.03cgqdg
371	Dr. Sheila Pinette	http://en.wikipedia.org/wiki/Sheila_Pinette	16921974	nil
-DOCSTART-
372	Alan Rifkin	nil	nil	nil
373	Barclays	http://en.wikipedia.org/wiki/Barclays	35644201	m.05t8c5
-DOCSTART-
374	Fame	http://en.wikipedia.org/wiki/Hall_of_fame	1485413	m.0555fv
375	Jerry Rice	http://en.wikipedia.org/wiki/Jerry_Rice	402607	m.0240vt
-DOCSTART-
376	Elie Baup	http://en.wikipedia.org/wiki/Élie_Baup	1805577	m.05ydg_
377	Marseille	http://en.wikipedia.org/wiki/Olympique_de_Marseille	492068	m.02gys2
-DOCSTART-
378	NASA	http://en.wikipedia.org/wiki/NASA	18426568	m.05f4p
379	Jones	http://en.wikipedia.org/wiki/Thomas_David_Jones	606010	m.02vv4v
-DOCSTART-
380	Bowl	http://en.wikipedia.org/wiki/Pro_Bowl	274117	m.01p38d
381	Chad Johnson	http://en.wikipedia.org/wiki/Chad_Johnson_(cornerback)	60165452	nil
-DOCSTART-
382	Arthur Caplan	http://en.wikipedia.org/wiki/Arthur_Caplan	854797	m.03hjjq
383	University of Pennsylvania Center for Bioethics	http://en.wikipedia.org/wiki/University_of_Pennsylvania_Center_for_Bioethics	3439567	m.02p7dcc
-DOCSTART-
384	Lawrence Ulrich	http://en.wikipedia.org/wiki/Lawrence_Ulrich	31201465	m.01p91h5
385	Brooklyn	http://en.wikipedia.org/wiki/Brooklyn	47384	m.0cr3d
-DOCSTART-
386	Demailly	http://en.wikipedia.org/wiki/Gilles_Demailly	97048	m.0p0mx
387	Hollande	http://en.wikipedia.org/wiki/Socialist_Party_(France)	39565408	m.01qdcv
-DOCSTART-
388	Angela Chan	nil	nil	nil
389	San Francisco Police Commission	http://en.wikipedia.org/wiki/San_Francisco_Police_Commission	39014870	m.0sgg5gg
-DOCSTART-
390	Stephen Colbert	http://en.wikipedia.org/wiki/Stephen_Colbert	335195	m.01xdf5
391	Carrie Byalick	nil	nil	nil
-DOCSTART-
392	Bobby Valentine	http://en.wikipedia.org/wiki/Bobby_Valentine	1105870	m.046gbn
393	Boston Red Sox	http://en.wikipedia.org/wiki/Boston_Red_Sox	4339	m.01d5z
-DOCSTART-
394	Lynn La	nil	nil	nil
395	CNET	http://en.wikipedia.org/wiki/CNET	13698942	m.0by1jyj
-DOCSTART-
396	Conway	http://en.wikipedia.org/wiki/Conway,_Arkansas	106968	m.0qt08
397	City	http://en.wikipedia.org/wiki/City_of_Colleges	2836686	m.085w35
-DOCSTART-
398	British Airways	http://en.wikipedia.org/wiki/British_Airways	3970	m.0198z
399	Michele Kropf	nil	nil	nil
-DOCSTART-
400	Gayle	http://en.wikipedia.org/wiki/Chris_Gayle	897177	m.03mtc_
401	Indies	http://en.wikipedia.org/wiki/West_Indies_cricket_team	3379941	m.098knd
-DOCSTART-
402	Lido Gallery Lido Gallery & Gifts	nil	nil	nil
403	Diane DeCillis	nil	nil	nil
-DOCSTART-
404	GM	http://en.wikipedia.org/wiki/General_Motors	12102	m.035nm
405	Jim Cain	http://en.wikipedia.org/wiki/Jim_Cain	5091342	m.0d28q8
-DOCSTART-
406	Football Association of Ireland	http://en.wikipedia.org/wiki/Football_Association_of_Ireland	13373575	m.028m_f
407	Giovanni Trapattoni	http://en.wikipedia.org/wiki/Giovanni_Trapattoni	747856	m.037_qz
-DOCSTART-
408	Chris Jones	http://en.wikipedia.org/wiki/Chris_Jones	49036095	nil
409	McCarran	http://en.wikipedia.org/wiki/McCarran	262540	m.01mz2g
-DOCSTART-
410	Executive Yuan	http://en.wikipedia.org/wiki/Executive_Yuan	378715	m.0219zh
411	Hu	http://en.wikipedia.org/wiki/Hu_Yu-wei	18932977	m.04jh_cb
-DOCSTART-
412	Bluescope	http://en.wikipedia.org/wiki/BlueScope_Steel	234290	m.01j15x
413	Paul O’Malley	http://en.wikipedia.org/wiki/Paul_O%E2%80%99Malley	23805	m.05yfx
-DOCSTART-
414	Tracy Schmaler	nil	nil	nil
415	Justice Department	http://en.wikipedia.org/wiki/United_States_Department_of_Justice	52563	m.0dtj5
-DOCSTART-
416	Andrea Hlavackova	nil	nil	nil
417	Bethanie Mattek-Sands	http://en.wikipedia.org/wiki/Bethanie_Mattek-Sands	5778203	m.0f42xm
-DOCSTART-
418	Cherokee Village	http://en.wikipedia.org/wiki/Cherokee_Village,_Arkansas	106985	m.0qt63
419	Highland High School	nil	nil	nil
-DOCSTART-
420	Davie	http://en.wikipedia.org/wiki/Davie,_Florida	109025	m.0rh_v
421	Capt. Dale Engle	http://en.wikipedia.org/wiki/Dale_Engle	5832843	m.01ptzjp
-DOCSTART-
422	Archdiocese	http://en.wikipedia.org/wiki/Roman_Catholic_Archdiocese_of_Portland_in_Oregon	1884953	m.063n1n
423	Bud Bunce	http://en.wikipedia.org/wiki/Bud_Bunce	651532	m.02_pbr
-DOCSTART-
424	Andreas Seppi	http://en.wikipedia.org/wiki/Andreas_Seppi	3698121	m.09v_t6
425	Robin Hasse	nil	nil	nil
-DOCSTART-
426	Dr. Roe	http://en.wikipedia.org/wiki/Benson_Roe	50326149	nil
427	UCSF	http://en.wikipedia.org/wiki/University_of_California,_San_Francisco	31920	m.07vfz
-DOCSTART-
428	Knoxville Nationals	http://en.wikipedia.org/wiki/Knoxville_Nationals	5038297	m.0c_zwf
429	Donny Schatz	http://en.wikipedia.org/wiki/Donny_Schatz	2352279	m.075y8v
-DOCSTART-
430	France	http://en.wikipedia.org/wiki/Tour_de_France	30498	m.07hn5
431	Lance Armstrong	http://en.wikipedia.org/wiki/Lance_Armstrong	23243880	m.0hfwb
-DOCSTART-
432	Thompson	nil	nil	nil
433	Brinker	http://en.wikipedia.org/wiki/Nancy_Brinker	4159007	m.0bm9g4
-DOCSTART-
434	John Terry	http://en.wikipedia.org/wiki/John_Terry	446099	m.029f79
435	Chelsea	http://en.wikipedia.org/wiki/Chelsea_F.C.	7473	m.023fb
-DOCSTART-
436	Kurla	http://en.wikipedia.org/wiki/Kurla	589948	m.02t0sr
437	Mumbai	http://en.wikipedia.org/wiki/Mumbai	19189	m.04vmp
-DOCSTART-
438	Fuji Rock	http://en.wikipedia.org/wiki/Fuji_Rock	1422621	m.0508y3
439	Freddy Lim	http://en.wikipedia.org/wiki/Freddy_Lim	12304981	nil
-DOCSTART-
440	Boise National Forest	http://en.wikipedia.org/wiki/Boise_National_Forest	2339515	m.074x3w
441	Dave Olson	nil	nil	nil
-DOCSTART-
442	CIA	http://en.wikipedia.org/wiki/Central_Intelligence_Agency	5183633	m.0d6qjf
443	George Tenet	http://en.wikipedia.org/wiki/George_Tenet	224452	m.01gpx8
-DOCSTART-
444	GM	http://en.wikipedia.org/wiki/General_Motors	12102	m.035nm
445	Tom Wilkinson	http://en.wikipedia.org/wiki/Tom_Wilkinson	171630	m.0171cm
-DOCSTART-
446	Harmonix	http://en.wikipedia.org/wiki/Harmonix_Music_Systems	575490	m.02rn99
447	Alex Rigopulos	http://en.wikipedia.org/wiki/Alex_Rigopulos	12557231	m.02wvsqk
-DOCSTART-
448	Linda Church Ciocci	nil	nil	nil
449	National Hydropower Association	http://en.wikipedia.org/wiki/National_Hydropower_Association	12063010	m.02vnl54
-DOCSTART-
450	Lawrence	http://en.wikipedia.org/wiki/Lawrence_Vikings_football	311764	m.01t8lq
451	John Hersom	nil	nil	nil
-DOCSTART-
452	Daniel Berlant	nil	nil	nil
453	California Department	http://en.wikipedia.org/wiki/California_Department_of_Forestry_and_Fire_Protection	4835411	m.0cq6qv
-DOCSTART-
454	Luis Gutierrez	nil	nil	nil
455	Illinois	http://en.wikipedia.org/wiki/Illinois	14849	m.03v0t
-DOCSTART-
456	Donna Williams	http://en.wikipedia.org/wiki/Donna_Williams	568478	m.02qys5
457	Northern Wake Republican Club	http://en.wikipedia.org/wiki/Northern_Wake_Republican_Club	93230	m.0n3ll
-DOCSTART-
458	Anglo American Chairman	http://en.wikipedia.org/wiki/Anglo_American_Chairman%27s_Fund	1344523	m.04vd0h
459	Clem Sunter	nil	nil	nil
-DOCSTART-
460	Bridgemont Community	http://en.wikipedia.org/wiki/Bridgemont_Community_and_Technical_College	19268988	m.0clw6jr
461	Beverly Jo Harris	http://en.wikipedia.org/wiki/Beverly_Jo_Harris	28627255	m.0jsn8l
-DOCSTART-
462	Jodi Tinson	nil	nil	nil
463	Chrysler	http://en.wikipedia.org/wiki/Chrysler	6882	m.01_bp
-DOCSTART-
464	Kang Shu-hua	http://en.wikipedia.org/wiki/Kang_Shu-hua	54150122	nil
465	Taipei City Women 's Rescue Foundation	nil	nil	nil
-DOCSTART-
466	Evans Disposal	http://en.wikipedia.org/wiki/Evans_Disposal	13737983	m.03cgqdg
467	Evans	http://en.wikipedia.org/wiki/Skip_Evans	3385487	m.098vq6
-DOCSTART-
468	Apple	http://en.wikipedia.org/wiki/Apple_Inc.	856	m.0k8z
469	Steve Jobs	http://en.wikipedia.org/wiki/Steve_Jobs	7412236	m.06y3r
-DOCSTART-
470	Pew Research Center 's Internet and American Life Project	http://en.wikipedia.org/wiki/Pew_Internet_and_American_Life_Project	3091083	m.08qtd3
471	Lee Rainie	nil	nil	nil
-DOCSTART-
472	Matty Maroun	http://en.wikipedia.org/wiki/Manuel_Moroun	23402015	m.06w8p5t
473	Ambassador Bridge	http://en.wikipedia.org/wiki/Ambassador_Bridge	216256	m.01fnrv
-DOCSTART-
474	Julius Genachowski	http://en.wikipedia.org/wiki/Julius_Genachowski	20095123	m.04ybx0z
475	FCC	http://en.wikipedia.org/wiki/Federal_Communications_Commission	55974	m.0fjdq
-DOCSTART-
476	Oakland County	http://en.wikipedia.org/wiki/Oakland_County,_Michigan	95053	m.0nj7b
477	Kyle	http://en.wikipedia.org/wiki/Thomas_Kyle	11631042	m.02rm33x
-DOCSTART-
478	Victor Mendez	http://en.wikipedia.org/wiki/Victor_Mendez	23603586	m.06zsy7n
479	Federal Highway Administration	http://en.wikipedia.org/wiki/Federal_Highway_Administration	1339400	m.04tzls
-DOCSTART-
480	Steve Peoples	http://en.wikipedia.org/wiki/Steve_Peoples	7412236	m.06y3r
481	Associated Press	http://en.wikipedia.org/wiki/Associated_Press	18935732	m.0cv_2
-DOCSTART-
482	Hawaii Cattlemen	nil	nil	nil
483	Dr. Tim Richards	http://en.wikipedia.org/wiki/Tim_Richards	54003958	nil
-DOCSTART-
484	Financial Supervisory Commission	http://en.wikipedia.org/wiki/Financial_Supervisory_Commission_(Republic_of_China)	12094831	m.02vpp2v
485	Hu	http://en.wikipedia.org/wiki/Hu_Sheng-cheng	49921034	nil
-DOCSTART-
486	Detroit News	http://en.wikipedia.org/wiki/The_Detroit_News	756910	m.038r10
487	David Shepardson	http://en.wikipedia.org/wiki/David_Shepardson	38267353	m.0w2_hnz
-DOCSTART-
488	Benhabib	http://en.wikipedia.org/wiki/Djemila_Benhabib	36752428	m.0l8n_wk
489	Gatineau	http://en.wikipedia.org/wiki/Gatineau	100709	m.0pml7
-DOCSTART-
490	Dan Rooney	http://en.wikipedia.org/wiki/Dan_Rooney	1196269	m.04gfwg
491	Pittsburgh Steelers	http://en.wikipedia.org/wiki/Pittsburgh_Steelers	23338	m.05tfm
-DOCSTART-
492	YWCA	http://en.wikipedia.org/wiki/YWCA_board_of_directors	57860963	nil
493	Kara Williams	nil	nil	nil
-DOCSTART-
494	Quincy High School	http://en.wikipedia.org/wiki/Quincy_High_School_(Massachusetts)	5636237	m.0dxhsg
495	Gene	nil	nil	nil
-DOCSTART-
496	Baffert	http://en.wikipedia.org/wiki/Bob_Baffert	2099769	m.06m2nj
497	Haskell	http://en.wikipedia.org/wiki/Haskell_Invitational_Stakes	3476605	m.09fkh5
-DOCSTART-
498	Steve Hsia	http://en.wikipedia.org/wiki/Steve_Hsia	546818	m.02nrln
499	Foreign Affairs	http://en.wikipedia.org/wiki/Ministry_of_Foreign_Affairs_(Republic_of_China)	7453497	m.02626pc
-DOCSTART-
500	Lee	nil	nil	nil
501	Charlie	nil	nil	nil
-DOCSTART-
502	CapStone Investments	nil	nil	nil
503	Rory Maher	http://en.wikipedia.org/wiki/Rory_Maher	54545933	nil
-DOCSTART-
504	Lindsay Bramson	nil	nil	nil
505	First Student Collinsville	nil	nil	nil
-DOCSTART-
506	Giants	http://en.wikipedia.org/wiki/New_York_Giants	21757	m.05gg4
507	Brandon Belt	http://en.wikipedia.org/wiki/Brandon_Belt	28588988	m.0g9xs51
-DOCSTART-
508	Commission	nil	nil	nil
509	Dan McCranie	nil	nil	nil
-DOCSTART-
510	Al Shabaab	http://en.wikipedia.org/wiki/Al-Shabaab	8726463	m.027ggxz
511	Mogadishu	http://en.wikipedia.org/wiki/Mogadishu	60154	m.0gclb
-DOCSTART-
512	Doc Holliday	http://en.wikipedia.org/wiki/Doc_Holliday_%28American_football%29	23132121	m.0661q7m
513	MU	http://en.wikipedia.org/wiki/Marshall_University	560365	m.02q253
-DOCSTART-
514	Bustos	nil	nil	nil
515	Andrew Fishkin	nil	nil	nil
-DOCSTART-
516	Les Miles	http://en.wikipedia.org/wiki/Les_Miles	1520796	m.057nwf
517	LSU	http://en.wikipedia.org/wiki/LSU_Tigers	4587079	m.0cb9b2
-DOCSTART-
518	Dennis Huang	http://en.wikipedia.org/wiki/Dennis_Huang	192154	m.01b8v7
519	China Times	http://en.wikipedia.org/wiki/China_Times	987480	m.03wyk7
-DOCSTART-
520	Bazzie	http://en.wikipedia.org/wiki/Bazzie	164328	m.015w6q
521	Marshall	http://en.wikipedia.org/wiki/Marshall_Thundering_Herd_football	23132121	m.0661q7m
-DOCSTART-
522	Kathy Dawkins	http://en.wikipedia.org/wiki/Kathy_Dawkins	1632961	m.05j7jl
523	Sanitation Department	http://en.wikipedia.org/wiki/New_York_City_Department_of_Sanitation	9493727	m.028c560
-DOCSTART-
524	Tigers	http://en.wikipedia.org/wiki/Tigers	30075	m.07dm6
525	Development Authority	http://en.wikipedia.org/wiki/Development_Authority	36188490	m.09bs2b
-DOCSTART-
526	Kenny	http://en.wikipedia.org/wiki/Kenny_the_Clown	2492941	m.07hq75
527	Kahn	http://en.wikipedia.org/wiki/Kenneth_Kahn	31829588	m.0gtwfcx
-DOCSTART-
528	Navy	http://en.wikipedia.org/wiki/United_States_Navy	20518076	m.07wg3
529	Clark	http://en.wikipedia.org/wiki/Rick_Clark	594214	m.02thcm
-DOCSTART-
530	Classic Auto Showplace Ltd.	nil	nil	nil
531	David Clack	nil	nil	nil
-DOCSTART-
532	University of Chile student federation	http://en.wikipedia.org/wiki/University_of_Chile_Student_Federation	33453324	m.0h98bj_
533	Gabriel Boric	http://en.wikipedia.org/wiki/Gabriel_Boric	47329497	nil
-DOCSTART-
534	Hilary Bassett	http://en.wikipedia.org/wiki/Hilary_Bassett	508609	m.02jt1k
535	Greater Portland Landmarks	http://en.wikipedia.org/wiki/Greater_Portland_Landmarks	1324513	m.04sv8p
-DOCSTART-
536	Boomer Esiason	http://en.wikipedia.org/wiki/Boomer_Esiason	600933	m.02v8b4
537	CBS Sports	http://en.wikipedia.org/wiki/CBS_Sports	1291819	m.04qkpc
-DOCSTART-
538	Evangel Christian	http://en.wikipedia.org/wiki/Evangel_Christian	105796	m.0qjh5
539	Phillip Dees	nil	nil	nil
-DOCSTART-
540	Mina Andreeva	http://en.wikipedia.org/wiki/Mina_Andreeva	1347337	m.04vmkn
541	European Commission	http://en.wikipedia.org/wiki/European_Commission	9974	m.02q9k
-DOCSTART-
542	Sameet Sinha	nil	nil	nil
543	B. Riley %26 Co	http://en.wikipedia.org/wiki/B._Riley_%26_Co	53843036	nil
-DOCSTART-
544	Bridgemont Community	http://en.wikipedia.org/wiki/Bridgemont_Community	19268988	m.0clw6jr
545	Beverly Jo Harris	http://en.wikipedia.org/wiki/Beverly_Jo_Harris	28627255	m.0jsn8l
-DOCSTART-
546	Detroit	http://en.wikipedia.org/wiki/Detroit	8687	m.02dtg
547	DuMouchelle Art Galleries	http://en.wikipedia.org/wiki/DuMouchelle_Art_Galleries	18809952	m.04ghyms
-DOCSTART-
548	English	http://en.wikipedia.org/wiki/England_cricket_team	759125	m.038zh6
549	Andrew Strauss	http://en.wikipedia.org/wiki/Andrew_Strauss	670087	m.031g75
-DOCSTART-
550	Andrew Strauss	http://en.wikipedia.org/wiki/Andrew_Strauss	670087	m.031g75
551	England	http://en.wikipedia.org/wiki/England_cricket_team	759125	m.038zh6
-DOCSTART-
552	Obama	http://en.wikipedia.org/wiki/Barack_Obama	534366	m.02mjmr
553	Hillary Clinton	http://en.wikipedia.org/wiki/Hillary_Rodham_Clinton	5043192	m.0d06m5
-DOCSTART-
554	AIBA	http://en.wikipedia.org/wiki/International_Boxing_Association	8484278	m.027521p
555	Wu Ching-kuo	http://en.wikipedia.org/wiki/Wu_Ching-kuo	14037700	m.03crrgs
-DOCSTART-
556	Hillary Cohen	http://en.wikipedia.org/wiki/Hillary_Cohen	5043192	m.0d06m5
557	U.S. Chemical Safety Board	http://en.wikipedia.org/wiki/U.S._Chemical_Safety_and_Hazard_Investigation_Board	7980534	m.026m839
-DOCSTART-
558	Carlo Fusco	http://en.wikipedia.org/wiki/Carlo_Fusco	51419391	nil
559	Gabriele	http://en.wikipedia.org/wiki/Paolo_Gabriele	35969492	m.0j_7p80
-DOCSTART-
560	Adrienne Kinne	http://en.wikipedia.org/wiki/Adrienne_Kinne	1996142	m.06cqr7
561	Earle	nil	nil	nil
-DOCSTART-
562	Chelsea	http://en.wikipedia.org/wiki/Chelsea_F.C.	7473	m.023fb
563	FA Cup	http://en.wikipedia.org/wiki/FA_Cup	11237	m.02_p0
-DOCSTART-
564	Tom Rist	nil	nil	nil
565	Fayetteville	http://en.wikipedia.org/wiki/Fayetteville,_West_Virginia	138388	m.010wl0
-DOCSTART-
566	France	http://en.wikipedia.org/wiki/France_women%27s_national_basketball_team	6787937	m.0gnygq
567	Celine Dumerc	http://en.wikipedia.org/wiki/Céline_Dumerc	34451393	m.0h_9_x8
-DOCSTART-
568	Education Secretary Arne Duncan	http://en.wikipedia.org/wiki/Arne_Duncan	2226852	m.06xgdy
569	Rhee	http://en.wikipedia.org/wiki/Michelle_Rhee	11731132	m.02rqd_n
-DOCSTART-
570	Geothermal Energy Association	http://en.wikipedia.org/wiki/Geothermal_Energy_Association	113728	m.0sz0n
571	Karl Gawell	nil	nil	nil
-DOCSTART-
572	Lt. Col. Aguilar	nil	nil	nil
573	Lou Molella	nil	nil	nil
-DOCSTART-
574	Salt Lake Valley Health Department	http://en.wikipedia.org/wiki/Salt_Lake_Valley_Health_Department	53837	m.0f2r6
575	Gary Edwards	nil	nil	nil
-DOCSTART-
576	Leslie Moonves	http://en.wikipedia.org/wiki/Leslie_Moonves	637149	nil
577	CBS	http://en.wikipedia.org/wiki/CBS	37653	m.09d5h
-DOCSTART-
578	Dunkin' Donuts	nil	nil	nil
579	Boston	http://en.wikipedia.org/wiki/Boston	24437894	m.01cx_
-DOCSTART-
580	Coconino National Forest	http://en.wikipedia.org/wiki/Coconino_National_Forest	2054605	m.06hx1q
581	Brady Smith	http://en.wikipedia.org/wiki/Brady_Smith	24844705	m.09g6j91
-DOCSTART-
582	CBS NFL	http://en.wikipedia.org/wiki/CBS_NFL	1527849	m.0585pd
583	Boomer Esiason	http://en.wikipedia.org/wiki/Boomer_Esiason	600933	m.02v8b4
-DOCSTART-
584	MIA	http://en.wikipedia.org/wiki/Miami_International_Airport	128968	m.0yt9j
585	Marc Henderson	nil	nil	nil
-DOCSTART-
586	Protect MI Jobs	nil	nil	nil
587	John Truscott	http://en.wikipedia.org/wiki/John_Truscott	20854298	m.0530gd3
-DOCSTART-
588	Jenkins	nil	nil	nil
589	Tina Bailes	nil	nil	nil
-DOCSTART-
590	Senkaku	http://en.wikipedia.org/wiki/Senkaku_Islands	348333	m.01yzfk
591	Japan	http://en.wikipedia.org/wiki/Japan	15573	m.03_3d
-DOCSTART-
592	Chi Hui-jung	http://en.wikipedia.org/wiki/Chi_Hui-jung	37271255	m.0n5vhnd
593	Hope Foundation	http://en.wikipedia.org/wiki/Garden_of_Hope_Foundation	3313138	nil
-DOCSTART-
594	Natural Resources Defense Council Action Fund	http://en.wikipedia.org/wiki/Natural_Resources_Defense_Council_Action_Fund	1564855	m.05btjs
595	Heather Taylor-Miesle	nil	nil	nil
-DOCSTART-
596	Environmental Entrepreneurs	http://en.wikipedia.org/wiki/Environmental_Entrepreneurs	2939161	m.08d_3j
597	Judith Albert	http://en.wikipedia.org/wiki/Judith_Albert	17292270	m.043ttcc
-DOCSTART-
598	Emma	http://en.wikipedia.org/wiki/Emma_Veary	57748845	nil
599	Robyn Kneubuhl	nil	nil	nil
-DOCSTART-
600	Hidenori Sakanaka	nil	nil	nil
601	Japan Immigration Policy Institute	http://en.wikipedia.org/wiki/Japan_Immigration_Policy_Institute	42161679	nil
-DOCSTART-
602	Diaoyu	http://en.wikipedia.org/wiki/Senkaku_Islands	348333	m.01yzfk
603	China	http://en.wikipedia.org/wiki/China	5405	m.0d05w3
-DOCSTART-
604	Bill Ericson	nil	nil	nil
605	Mohr Davidow Ventures	nil	nil	nil
-DOCSTART-
606	Homeland Security	http://en.wikipedia.org/wiki/United_States_Department_of_Homeland_Security	58236	m.0fytk
607	Daryl Johnson	http://en.wikipedia.org/wiki/Daryl_Johnson	13939767	m.03cntts
-DOCSTART-
608	Molly Corbett Broad	http://en.wikipedia.org/wiki/Molly_Corbett_Broad	2673007	m.07w_63
609	Education	http://en.wikipedia.org/wiki/American_Council_on_Education	9900744	m.02pwd4f
-DOCSTART-
610	Choice Bakery	nil	nil	nil
611	Honolulu	nil	nil	nil
-DOCSTART-
612	Falmouth\/Cumberland Community Chamber	nil	nil	nil
613	Eric Anton	nil	nil	nil
-DOCSTART-
614	Federal Highway Administration	http://en.wikipedia.org/wiki/Federal_Highway_Administration	1339400	m.04tzls
615	Victor Mendez	http://en.wikipedia.org/wiki/Victor_Mendez	23603586	m.06zsy7n
-DOCSTART-
616	Chicago	http://en.wikipedia.org/wiki/Chicago	6886	m.01_d4
617	Libertyville	http://en.wikipedia.org/wiki/Libertyville,_Illinois	111475	m.0sb34
-DOCSTART-
618	GOP	http://en.wikipedia.org/wiki/Republican_Party_(United_States)	32070	m.07wbk
619	Mitt Romney	http://en.wikipedia.org/wiki/Mitt_Romney	426208	m.0271_s
-DOCSTART-
620	Sgt. Paul Edwards	nil	nil	nil
621	Bangor	http://en.wikipedia.org/wiki/Bangor,_Iowa	31717099	m.048y8f5
-DOCSTART-
622	Bednarik	http://en.wikipedia.org/wiki/Chuck_Bednarik_Award	522811	m.02l79s
623	Mathieu	http://en.wikipedia.org/wiki/Tyrann_Mathieu	33434273	m.0h94lgp
-DOCSTART-
624	Brody Benson	nil	nil	nil
625	Highland	nil	nil	nil
-DOCSTART-
626	Eneco Tour	http://en.wikipedia.org/wiki/Eneco_Tour	2390880	m.078n_t
627	Lars Boom	http://en.wikipedia.org/wiki/Lars_Boom	9290593	m.0283834
-DOCSTART-
628	Marcia McBrien	nil	nil	nil
629	Michigan Supreme Court	http://en.wikipedia.org/wiki/Michigan_Supreme_Court	1313678	m.04s5bm
-DOCSTART-
630	Joint Chiefs	http://en.wikipedia.org/wiki/Joint_Chiefs_of_Staff	195322	m.01brfl
631	Army General Martin E. Dempsey	http://en.wikipedia.org/wiki/Martin_Dempsey	381353	m.021mtp
-DOCSTART-
632	Cardinals	http://en.wikipedia.org/wiki/Arizona_Cardinals	2102	m.0ws7
633	Daytona	http://en.wikipedia.org/wiki/Daytona_Beach,_Florida	109820	m.0rsjf
-DOCSTART-
634	Kentucky	http://en.wikipedia.org/wiki/Kentucky_Wildcats	2627960	m.07ssny
635	John	http://en.wikipedia.org/wiki/John_Calipari	1642930	m.05k1d_
-DOCSTART-
636	Herm Edwards	http://en.wikipedia.org/wiki/Herman_Edwards	1331649	m.04tcr2
637	Kansas City Chiefs	http://en.wikipedia.org/wiki/Kansas_City_Chiefs	20297793	m.0487_
-DOCSTART-
638	Bruno Ferrante	http://en.wikipedia.org/wiki/Bruno_Ferrante	3491041	m.09gczh
639	ILVA	http://en.wikipedia.org/wiki/ILVA	7395356	m.0260d8t
-DOCSTART-
640	Mitt Romney	http://en.wikipedia.org/wiki/Mitt_Romney	426208	m.0271_s
641	GOP	http://en.wikipedia.org/wiki/Republican_Party_(United_States)	32070	m.07wbk
-DOCSTART-
642	Kentucky	http://en.wikipedia.org/wiki/Republican_Party_of_Kentucky	11345596	m.02r8fh0
643	Darrell Brock	http://en.wikipedia.org/wiki/Darrell_Brock_Jr.	3323421	m.095tkm
-DOCSTART-
644	Andrew Struass	http://en.wikipedia.org/wiki/Andrew_Strauss	670087	m.031g75
645	England	http://en.wikipedia.org/wiki/England_cricket_team	759125	m.038zh6
-DOCSTART-
646	LSU	http://en.wikipedia.org/wiki/LSU_Tigers	4587079	m.0cb9b2
647	Les Miles	http://en.wikipedia.org/wiki/Les_Miles	1520796	m.057nwf
-DOCSTART-
648	Kelsey Grammer	http://en.wikipedia.org/wiki/Kelsey_Grammer	17130	m.04cl1
649	Golden Globe	http://en.wikipedia.org/wiki/Golden_Globe_Award	142724	m.011_7_
-DOCSTART-
650	Costa-Castillo	http://en.wikipedia.org/wiki/Costa-Castillo	42121264	nil
651	St. Joseph	http://en.wikipedia.org/wiki/St._Joseph_Medical_Center	10698935	m.02qml6y
-DOCSTART-
652	Fiore	nil	nil	nil
653	Boulevard	http://en.wikipedia.org/wiki/Boulevard_and_Trumbull_Towing	40158216	m.0wxx4yx
-DOCSTART-
654	Appalachian	http://en.wikipedia.org/wiki/Appalachian_Trail_Conservancy	87009	m.0lyj0
655	Mark Wenger	http://en.wikipedia.org/wiki/Mark_Wenger	24148454	m.01gjbw
-DOCSTART-
656	Highland Capital Partners	http://en.wikipedia.org/wiki/Highland_Capital_Partners	18774830	m.0fzjws
657	Corey Mulloy	nil	nil	nil
-DOCSTART-
658	Chris Wood	http://en.wikipedia.org/wiki/Chris_Wood_(Coach)	2201511	m.06vh_j
659	Har-Ber	http://en.wikipedia.org/wiki/Har-Ber	36812240	m.07679yt
-DOCSTART-
660	Associated Press	http://en.wikipedia.org/wiki/Associated_Press	18935732	m.0cv_2
661	Julie Pace	nil	nil	nil
-DOCSTART-
662	Bowl	http://en.wikipedia.org/wiki/Pro_Bowl	274117	m.01p38d
663	Larry Fitzgerald	http://en.wikipedia.org/wiki/Larry_Fitzgerald	1078709	m.0443b8
-DOCSTART-
664	Home Cooking School	http://en.wikipedia.org/wiki/Home_Cooking_School	5355	m.01mtb
665	Charleston Civic Center Little Theater	http://en.wikipedia.org/wiki/Charleston_Civic_Center_Little_Theater	2298873	m.071ytc
-DOCSTART-
666	Drew Karedes	http://en.wikipedia.org/wiki/Drew_Karedes	4368344	m.0bzk0b
667	KHOU	http://en.wikipedia.org/wiki/KHOU_%28TV%29	1854317	m.06174w
-DOCSTART-
668	Brendan Cassar	nil	nil	nil
669	UNESCO	http://en.wikipedia.org/wiki/UNESCO	21786641	m.05yg8kx
-DOCSTART-
670	Beverly Heritage Center	http://en.wikipedia.org/wiki/Beverly_Heritage_Center	316176	m.01tw7q
671	Terry Hackney	http://en.wikipedia.org/wiki/Terry_Hackney	1239956	m.04l99r
-DOCSTART-
672	Larry Fitzgerald	http://en.wikipedia.org/wiki/Larry_Fitzgerald	1078709	m.0443b8
673	Arizona Cardinals	http://en.wikipedia.org/wiki/Arizona_Cardinals	2102	m.0ws7
-DOCSTART-
674	KATU News	http://en.wikipedia.org/wiki/KATU_News	897840	m.03mwrb
675	Dan Tilkin	nil	nil	nil
-DOCSTART-
676	Federation	http://en.wikipedia.org/wiki/CEGEP	189187	m.019ws7
677	Jean Beauchesne	http://en.wikipedia.org/wiki/Jean_Beauchesne	33750135	m.0hhvqvj
-DOCSTART-
678	Internet REIT	nil	nil	nil
679	Bob Martin	nil	nil	nil
-DOCSTART-
680	Raleigh	http://en.wikipedia.org/wiki/Raleigh,_North_Carolina	57845	m.0fvyg
681	Craftsmen Guild	http://en.wikipedia.org/wiki/Carolina_Designer_Craftsmen_Guild	35559187	m.0j9l9_1
-DOCSTART-
682	Aeroflot	http://en.wikipedia.org/wiki/Aeroflot	89659	m.0mbv5
683	Irina Dannenberg	http://en.wikipedia.org/wiki/Irina_Dannenberg	26563069	nil
-DOCSTART-
684	Bay Area	http://en.wikipedia.org/wiki/San_Francisco_Bay_Area	19283806	m.06pvr
685	Gonzalez	http://en.wikipedia.org/wiki/Gio_Gonzalez	8474441	m.0274sdf
-DOCSTART-
686	Dolphins	http://en.wikipedia.org/wiki/Miami_Dolphins	19190	m.04vn5
687	Chad Johnson	http://en.wikipedia.org/wiki/Chad_Johnson_(wide_receiver)	7761399	m.03tnlt
-DOCSTART-
688	Hurricane	http://en.wikipedia.org/wiki/Hurricane_Redskins	1279236	m.04pn7c
689	George Washington	http://en.wikipedia.org/wiki/George_Washington_Colonials	15065504	m.0807x3r
-DOCSTART-
690	Melissa Mullis	nil	nil	nil
691	Dragon	http://en.wikipedia.org/wiki/JHS_Dragons	2855483	m.01v6tvm
-DOCSTART-
692	Edison Electric Institute	http://en.wikipedia.org/wiki/Edison_Electric_Institute	8760883	m.027htkr
693	Jim Owen	http://en.wikipedia.org/wiki/Jim_Owen	22522702	m.05zkrqk
-DOCSTART-
694	Dennis Virag	nil	nil	nil
695	Automotive Consulting Group Inc.	http://en.wikipedia.org/wiki/Automotive_Consulting_Group_Inc.	30860234	m.0bzpk4
-DOCSTART-
696	Liza Cordeiro	nil	nil	nil
697	Department	http://en.wikipedia.org/wiki/United_States_Department_of_Education	70919	m.0jbl2
-DOCSTART-
698	Marblehead	http://en.wikipedia.org/wiki/Marblehead,_Massachusetts	275291	m.01p7rh
699	Kayla	http://en.wikipedia.org/wiki/Kayla_Harrison	27613520	m.0c3_l01
-DOCSTART-
700	CVS MinuteClinic	http://en.wikipedia.org/wiki/CVS_MinuteClinic	27814204	m.0cc6m_9
701	Andrew Sussman	http://en.wikipedia.org/wiki/Andrew_Sussman	5246849	nil
-DOCSTART-
702	Cornell	http://en.wikipedia.org/wiki/Cornell_University	7954422	m.01w3v
703	Christopher Clark	http://en.wikipedia.org/wiki/Christopher_Clark	8918006	m.05y23nj
-DOCSTART-
704	Bradford Wilcox	http://en.wikipedia.org/wiki/W._Bradford_Wilcox	30669147	m.0g9xcch
705	National Marriage Project	http://en.wikipedia.org/wiki/The_National_Marriage_Project	32326682	m.0gywqz1
-DOCSTART-
706	Fiore	nil	nil	nil
707	Boulevard	http://en.wikipedia.org/wiki/Boulevard_and_Trumbull_Towing	40158216	m.0wxx4yx
-DOCSTART-
708	Dish Network	http://en.wikipedia.org/wiki/Dish_Network	77784	m.0kc4f
709	Maine	http://en.wikipedia.org/wiki/Maine	19977	m.050ks
-DOCSTART-
710	Don Mattingly	http://en.wikipedia.org/wiki/Don_Mattingly	102811	m.0pzt4
711	Dodgers	http://en.wikipedia.org/wiki/Los_Angeles_Dodgers	18213	m.04mjl
-DOCSTART-
712	CEA	nil	nil	nil
713	Kenneth Ocastro	nil	nil	nil
-DOCSTART-
714	Dave Nagle	http://en.wikipedia.org/wiki/Dave_Nagle	7894927	m.026h_y7
715	ESPN	http://en.wikipedia.org/wiki/ESPN_(United_States)	77795	m.0kc6x
-DOCSTART-
716	Guerrero	http://en.wikipedia.org/wiki/Robert_Guerrero	6821123	m.0gqq2v
717	Casey	http://en.wikipedia.org/wiki/Casey_Guerrero	6821123	m.0gqq2v
-DOCSTART-
718	Katie Carey	http://en.wikipedia.org/wiki/Katie_Carey	19073290	m.04jb7dz
719	House Democratic	http://en.wikipedia.org/wiki/House_Democratic	35098328	m.01rpl5
-DOCSTART-
720	Apple Inc.	http://en.wikipedia.org/wiki/Steve_Jobs	7412236	m.06y3r
721	October	http://en.wikipedia.org/wiki/October	22332	m.05lf_
-DOCSTART-
722	Jeff Crowe	http://en.wikipedia.org/wiki/Jeff_Crowe	1096453	m.045p8x
723	Norwest Venture Partners	http://en.wikipedia.org/wiki/Norwest_Venture_Partners	18101246	m.04cqt5j
-DOCSTART-
724	Kasie Hunt	http://en.wikipedia.org/wiki/Kasie_Hunt	47620014	nil
725	Associated Press	http://en.wikipedia.org/wiki/Associated_Press	18935732	m.0cv_2
-DOCSTART-
726	Cesare Prandelli	http://en.wikipedia.org/wiki/Cesare_Prandelli	2195027	m.06v1b6
727	Italy	http://en.wikipedia.org/wiki/Italy_national_football_team	362466	m.01_lhg
-DOCSTART-
728	Christine Mann	http://en.wikipedia.org/wiki/Christine_Mann	42411345	nil
729	Texas Department	http://en.wikipedia.org/wiki/State_Health_Services	25936865	m.0b6jd93
-DOCSTART-
730	Rangeley Lakes Heritage Trust	http://en.wikipedia.org/wiki/Rangeley_Lakes_Heritage_Trust	43490486	nil
731	Cupsuptic Lake	http://en.wikipedia.org/wiki/Cupsuptic_Lake	7202390	m.025vzvh
-DOCSTART-
732	Clinton	http://en.wikipedia.org/wiki/Clinton,_Ontario	783373	m.03c1f3
733	Craig Johnson	http://en.wikipedia.org/wiki/Craig_Johnson	28164629	m.0cm9d6f
-DOCSTART-
734	Heard	nil	nil	nil
735	Athens Regional	http://en.wikipedia.org/wiki/Athens_Regional_Medical_Center	15535315	m.04g3cb7
-DOCSTART-
736	MU	http://en.wikipedia.org/wiki/Marshall_University	560365	m.02q253
737	Doc Holliday	http://en.wikipedia.org/wiki/Doc_Holliday_(American_football)	24043868	m.03gt0xr
-DOCSTART-
738	Hu	http://en.wikipedia.org/wiki/Hu_Jintao	151210	m.013my_
739	Jang	http://en.wikipedia.org/wiki/Chang_Sung-taek	12846013	m.02x7ccy
-DOCSTART-
740	Jenkins	nil	nil	nil
741	Tina Bailes	nil	nil	nil
-DOCSTART-
742	West Virginia State University	http://en.wikipedia.org/wiki/West_Virginia_State_University	1245250	m.04lr53
743	Brian Hemphill	http://en.wikipedia.org/wiki/Brian_Hemphill	52348182	nil
-DOCSTART-
744	Nebraska	http://en.wikipedia.org/wiki/Nebraska_Cornhuskers_football	4108481	m.0bjkk9
745	Colorado	http://en.wikipedia.org/wiki/Colorado_College_Tigers	181548	m.018t8f
-DOCSTART-
746	Anthony Majestro	nil	nil	nil
747	Callaghan	http://en.wikipedia.org/wiki/Callaghan	52278	m.0drdb
-DOCSTART-
748	Angelique Kerber	http://en.wikipedia.org/wiki/Angelique_Kerber	12472317	m.02w7qlh
749	Timea Babos	nil	nil	nil
-DOCSTART-
750	Colville Tribe	http://en.wikipedia.org/wiki/Colville_tribe	13654095	m.03cd4mg
751	Cathy Moses	http://en.wikipedia.org/wiki/Cathy_Moses	2511247	m.07jznv
-DOCSTART-
752	Chris Stadelman	nil	nil	nil
753	Maloney	http://en.wikipedia.org/wiki/Bill_Maloney	31124805	m.0gh6b9k
-DOCSTART-
754	Marlene McClinton	nil	nil	nil
755	Houston Airports	nil	nil	nil
-DOCSTART-
756	Middle East	http://en.wikipedia.org/wiki/Middle_East_analysis_Control_Risks	10214430	m.02q5f5s
757	Gala Riani	nil	nil	nil
-DOCSTART-
758	Mike du Toit	http://en.wikipedia.org/wiki/Mike_du_Toit	1599510	m.05fm3t
759	Boeremag	http://en.wikipedia.org/wiki/Boeremag	157880	m.014spk
-DOCSTART-
760	Andy Hall	nil	nil	nil
761	ESPN	http://en.wikipedia.org/wiki/ESPN_(United_States)	77795	m.0kc6x
-DOCSTART-
762	FAO	http://en.wikipedia.org/wiki/Food_and_Agriculture_Organization	11107	m.02zwc
763	Christopher Matthews	http://en.wikipedia.org/wiki/Christopher_Matthews	274210	m.01p3n8
-DOCSTART-
764	Cashier 's Office	nil	nil	nil
765	Arthur Kwesi-John	http://en.wikipedia.org/wiki/Arthur_Kwesi-John	36600503	m.0kmbqjy
-DOCSTART-
766	Les Miles	http://en.wikipedia.org/wiki/Les_Miles	1520796	m.057nwf
767	LSU	http://en.wikipedia.org/wiki/LSU_Tigers	4587079	m.0cb9b2
-DOCSTART-
768	Boston	http://en.wikipedia.org/wiki/Boston_Red_Sox	4339	m.01d5z
769	Bobby Valentine	http://en.wikipedia.org/wiki/Bobby_Valentine	1105870	m.046gbn
-DOCSTART-
770	Mary	nil	nil	nil
771	United States	http://en.wikipedia.org/wiki/United_States	3434750	m.09c7w0
-DOCSTART-
772	BALCO	http://en.wikipedia.org/wiki/Bay_Area_Laboratory_Co-operative	879858	m.03l5xj
773	Victor Conte	http://en.wikipedia.org/wiki/Victor_Conte	1244693	m.04lpyb
-DOCSTART-
774	Wang Yilin	http://en.wikipedia.org/wiki/Wang_Yilin	51405417	nil
775	CNOOC	http://en.wikipedia.org/wiki/China_National_Offshore_Oil_Corporation	30861330	m.06ds0l
-DOCSTART-
776	Connecticut	nil	nil	nil
777	Geno Auriemma	http://en.wikipedia.org/wiki/Geno_Auriemma	756107	m.038p7s
-DOCSTART-
778	Eslite	http://en.wikipedia.org/wiki/Eslite_Bookstore	10828770	m.02qr9ks
779	Robert Wu	http://en.wikipedia.org/wiki/Robert_Wu	38198728	m.0j_mc2
-DOCSTART-
780	NASA	http://en.wikipedia.org/wiki/Jet_Propulsion_Laboratory	16459	m.0467p
781	Charles Elachi	http://en.wikipedia.org/wiki/Charles_Elachi	2230432	m.06xry7
-DOCSTART-
782	Bill Lee	http://en.wikipedia.org/wiki/Bill_Lee	58059164	nil
783	Apple	http://en.wikipedia.org/wiki/Apple_Inc.	856	m.0k8z
-DOCSTART-
784	Protect Marriage Maine	http://en.wikipedia.org/wiki/Protect_Marriage_Maine	34866809	m.0j44dr0
785	Bob Emrich	nil	nil	nil
-DOCSTART-
786	Brian Smith	http://en.wikipedia.org/wiki/Brian_Smith_(Coach)	4106416	m.0bjf0k
787	East Jackson	http://en.wikipedia.org/wiki/East_Jackson	1442176	m.051y29
-DOCSTART-
788	Lewiston High School	http://en.wikipedia.org/wiki/Lewiston_High_School	11968549	m.02r_1vd
789	Galipeau	http://en.wikipedia.org/wiki/Galipeau	100709	m.0pml7
-DOCSTART-
790	Development Authority	http://en.wikipedia.org/wiki/Development_Authority	36188490	m.09bs2b
791	Tigers	http://en.wikipedia.org/wiki/Tigers	30075	m.07dm6
-DOCSTART-
792	Judy Frankel Antiques	http://en.wikipedia.org/wiki/Judy_Frankel_Antiques	377805	nil
793	Antiques Centre	http://en.wikipedia.org/wiki/Antiques_Centre_of_Troy	30059	m.07dgk
-DOCSTART-
794	Washington	http://en.wikipedia.org/wiki/Washington,_D.C.	108956	m.0rh6k
795	Duncan	http://en.wikipedia.org/wiki/Arne_Duncan	2226852	m.06xgdy
-DOCSTART-
796	Terri Bowman	nil	nil	nil
797	Amina	http://en.wikipedia.org/wiki/Amina	2410466	m.07b4sc
-DOCSTART-
798	Chiu Chun-wen	http://en.wikipedia.org/wiki/Chiu_Chun-wen	39454598	m.0vpxjyk
799	Chung Ru Lin	http://en.wikipedia.org/wiki/Chung_Ru_Lin	18893915	m.04jbp2w
-DOCSTART-
800	Cain	http://en.wikipedia.org/wiki/Brandon_Cain	2642917	m.07tv1b
801	Wright Blake	http://en.wikipedia.org/wiki/Wright_Blake	33175	m.03f70xs
-DOCSTART-
802	ACCESS	http://en.wikipedia.org/wiki/Arab_Community_Center_for_Economic_and_Social_Services	867780	m.03jz60
803	Hassan Jaber	http://en.wikipedia.org/wiki/Hassan_Jaber	814724	m.03dsmm
-DOCSTART-
804	Giroux	nil	nil	nil
805	Daily News	http://en.wikipedia.org/wiki/Daily_News	504790	m.02jf15
-DOCSTART-
806	Jessica Sidman	http://en.wikipedia.org/wiki/Jessica_Sidman	38068234	m.0pcvcmz
807	Young Young & Hungry	nil	nil	nil
-DOCSTART-
808	Bureau	http://en.wikipedia.org/wiki/United_States_Bureau_of_Reclamation	388065	m.022g7l
809	Buck Feist	http://en.wikipedia.org/wiki/Buck_Feist	1539839	m.01w3ggw
-DOCSTART-
810	Denver	http://en.wikipedia.org/wiki/Denver	8522	m.02cl1
811	Aurora	http://en.wikipedia.org/wiki/Aurora,_Colorado	108353	m.0r8hc
-DOCSTART-
812	Amazon	http://en.wikipedia.org/wiki/Amazon.com	90451	m.0mgkg
813	Jeff Bezos	http://en.wikipedia.org/wiki/Jeff_Bezos	142528	m.011z69
-DOCSTART-
814	Uganda	http://en.wikipedia.org/wiki/Uganda	31816	m.07tp2
815	Larry Fitzgerald	http://en.wikipedia.org/wiki/Larry_Fitzgerald	1078709	m.0443b8
-DOCSTART-
816	Felix Hernandez	nil	nil	nil
817	Seattle Mariners	http://en.wikipedia.org/wiki/Seattle_Mariners	27660	m.06wpc
-DOCSTART-
818	Abdul Matin	nil	nil	nil
819	Williamson	nil	nil	nil
-DOCSTART-
820	Jeff Barnard	http://en.wikipedia.org/wiki/Jeff_Barnard	533061	m.02mdp9
821	Associated Press	http://en.wikipedia.org/wiki/Associated_Press	18935732	m.0cv_2
-DOCSTART-
822	Charles Aris	http://en.wikipedia.org/wiki/Charles_Aris	8715889	m.027g090
823	Chad Oakley	http://en.wikipedia.org/wiki/Chad_Oakley	531820	m.02m7vr
-DOCSTART-
824	Alejandro Mayorkas	http://en.wikipedia.org/wiki/Alejandro_Mayorkas	36383539	m.076x2y9
825	U.S.	http://en.wikipedia.org/wiki/United_States_Citizenship_and_Immigration_Services	3805309	m.021psw
-DOCSTART-
826	Dale Earnhardt Jr.	http://en.wikipedia.org/wiki/Dale_Earnhardt,_Jr.	158454	m.014x8j
827	Hendrick Motorsports	http://en.wikipedia.org/wiki/Hendrick_Motorsports	2089777	m.06lg0g
-DOCSTART-
828	Associated Press	http://en.wikipedia.org/wiki/Associated_Press	18935732	m.0cv_2
829	Gonzalo Solano	http://en.wikipedia.org/wiki/Gonzalo_Solano	39925778	m.0y65lcp
-DOCSTART-
830	Frank Bajak	nil	nil	nil
831	Associated Press	http://en.wikipedia.org/wiki/Associated_Press	18935732	m.0cv_2
-DOCSTART-
832	Traci Klein	nil	nil	nil
833	Mayo Clinic	http://en.wikipedia.org/wiki/Mayo_Clinic	160843	m.0158xh
-DOCSTART-
834	Lewis County	http://en.wikipedia.org/wiki/Lewis_County,_West_Virginia	91037	m.0mlmn
835	Ireland	http://en.wikipedia.org/wiki/Ireland,_West_Virginia	2917157	m.08cfyn
-DOCSTART-
836	Baltimore	http://en.wikipedia.org/wiki/Baltimore_Orioles	4340	m.01d6g
837	Josh Beckett	http://en.wikipedia.org/wiki/Josh_Beckett	351303	m.01z9th
-DOCSTART-
838	Health Statistics	http://en.wikipedia.org/wiki/National_Center_for_Health_Statistics	1042734	m.040zkg
839	Centers	http://en.wikipedia.org/wiki/Centers_for_Disease_Control_and_Prevention	6811	m.01zrs
-DOCSTART-
840	Stanford Design Program	nil	nil	nil
841	Banny Banerjee	nil	nil	nil
-DOCSTART-
842	Roseburg	http://en.wikipedia.org/wiki/Roseburg,_Oregon	130754	m.0zcr6
843	Douglas Inn	http://en.wikipedia.org/wiki/Douglas_Inn	958621	m.03tdwf
-DOCSTART-
844	Maine State Museum Commission	http://en.wikipedia.org/wiki/Maine_State_Museum_Commission	18347692	m.04f4hjf
845	Charles J. Micoleau	http://en.wikipedia.org/wiki/Charles_J._Micoleau	50556269	nil
-DOCSTART-
846	Semenya	http://en.wikipedia.org/wiki/Caster_Semenya	24019501	m.07kbtm6
847	Fikile Mbalula	http://en.wikipedia.org/wiki/Fikile_Mbalula	18606504	m.04gqr_n
-DOCSTART-
848	Goldman Sachs	http://en.wikipedia.org/wiki/Goldman_Sachs	335244	m.01xdn1
849	Robert Yen	http://en.wikipedia.org/wiki/Robert_Yen	1858083	m.061lpg
-DOCSTART-
850	Frenchman Laurent Fignon	http://en.wikipedia.org/wiki/Laurent_Fignon	556345	m.02pplm
851	Bernard Hinault	http://en.wikipedia.org/wiki/Bernard_Hinault	284767	m.01pvzr
-DOCSTART-
852	Sebastian Coe	http://en.wikipedia.org/wiki/Sebastian_Coe	412054	m.0256hg
853	London Games	http://en.wikipedia.org/wiki/London_Olympics	2179709	nil
-DOCSTART-
854	Romeo Crennel	http://en.wikipedia.org/wiki/Romeo_Crennel	1515353	m.05777k
855	Cleveland	http://en.wikipedia.org/wiki/Cleveland_Browns	6576	m.01xvb
-DOCSTART-
856	West Virginia	http://en.wikipedia.org/wiki/West_Virginia	32905	m.081mh
857	Appalachian Power	http://en.wikipedia.org/wiki/Appalachian_Power	1648542	m.05khjc
-DOCSTART-
858	Joey Cabell	http://en.wikipedia.org/wiki/Joey_Cabell	42556174	nil
859	Chart House	http://en.wikipedia.org/wiki/Chart_House	1680403	m.05mwl0
-DOCSTART-
860	Jesse Jackson Jr.	http://en.wikipedia.org/wiki/Jesse_Jackson,_Jr.	411900	m.0255y7
861	Illinois	http://en.wikipedia.org/wiki/Illinois	14849	m.03v0t
-DOCSTART-
862	Claudio Sabatini	http://en.wikipedia.org/wiki/Claudio_Sabatini	1649586	m.05kllk
863	Bologna	http://en.wikipedia.org/wiki/Bologna	21069333	m.096g3
-DOCSTART-
864	Kobe Bryant	http://en.wikipedia.org/wiki/Kobe_Bryant	246185	m.01kmd4
865	Los Angeles Lakers	http://en.wikipedia.org/wiki/Los_Angeles_Lakers	72893	m.0jmk7
-DOCSTART-
866	Minnesota	http://en.wikipedia.org/wiki/Minnesota_Twins	20050	m.0512p
867	Boston	http://en.wikipedia.org/wiki/Boston_Red_Sox	4339	m.01d5z
-DOCSTART-
868	BIMP-EAGA Mountain Bike	http://en.wikipedia.org/wiki/BIMP-EAGA	12674996	m.02x013y
869	Hilario Ladra	nil	nil	nil
-DOCSTART-
870	Felix Hernandez	nil	nil	nil
871	Seattle	http://en.wikipedia.org/wiki/Seattle_Mariners	27660	m.06wpc
-DOCSTART-
872	California	http://en.wikipedia.org/wiki/California	5407	m.01n7q
873	Sen. Leland Yee	http://en.wikipedia.org/wiki/Leland_Yee	1571042	m.05c9vh
-DOCSTART-
874	AHS	http://en.wikipedia.org/wiki/Apalachee_High_School_football_team	53679531	nil
875	Shane Davis	http://en.wikipedia.org/wiki/Shane_Davis_(Coach)	38521597	m.0j36201
-DOCSTART-
876	Adria MacKenzie	nil	nil	nil
877	Canada	http://en.wikipedia.org/wiki/General_Motors_Canada	2918310	m.08cj97
-DOCSTART-
878	Decatur	http://en.wikipedia.org/wiki/Decatur,_Georgia	110036	m.0rvty
879	Atlanta	http://en.wikipedia.org/wiki/Atlanta	3138	m.013yq
-DOCSTART-
880	Helen Hodge	http://en.wikipedia.org/wiki/Helen_Hodge	55882320	nil
881	Maplecroft	http://en.wikipedia.org/wiki/Maplecroft	5138407	m.0h_bp_0
-DOCSTART-
882	Maryland State Police	http://en.wikipedia.org/wiki/Maryland_State_Police	4292473	m.0bvhjg
883	Greg Shipley	nil	nil	nil
-DOCSTART-
884	Grand Cathay	http://en.wikipedia.org/wiki/Grand_Cathay	151575	m.013qmk
885	Meissen Chang	http://en.wikipedia.org/wiki/Meissen_Chang	1063807	m.042t6c
-DOCSTART-
886	Ken Allen	http://en.wikipedia.org/wiki/Ken_Allen	8144824	m.026t73d
887	Belgrade Lakes	http://en.wikipedia.org/wiki/Belgrade,_Maine	116011	m.0tq5h
-DOCSTART-
888	Hulyk	nil	nil	nil
889	Becky	http://en.wikipedia.org/wiki/Becky	16335527	nil
-DOCSTART-
890	Nicholas County Solid Waste Authority	http://en.wikipedia.org/wiki/Nicholas_County_Solid_Waste_Authority	17133971	nil
891	Larry Bradford	http://en.wikipedia.org/wiki/Larry_Bradford	30990580	m.06phn4q
-DOCSTART-
892	Britain	http://en.wikipedia.org/wiki/Great_Britain	13530298	m.034cm
893	Barclays	http://en.wikipedia.org/wiki/Barclays	35644201	m.05t8c5
-DOCSTART-
894	Todd Watson	http://en.wikipedia.org/wiki/Todd_Watson	16663715	m.03ykkrx
895	Foley	http://en.wikipedia.org/wiki/Foley,_Alabama	99890	m.0pgsh
-DOCSTART-
896	Joey Jackson	http://en.wikipedia.org/wiki/Joey_Jackson	2817810	m.084m19
897	Jonathan Roth	nil	nil	nil
-DOCSTART-
898	Athens Regional Medical Center	http://en.wikipedia.org/wiki/Athens_Regional_Medical_Center	15535315	m.04g3cb7
899	Heard	nil	nil	nil
-DOCSTART-
900	Erskine	http://en.wikipedia.org/wiki/Erskine	568130	m.02qx98
901	Lars Jonassen	nil	nil	nil
-DOCSTART-
902	Laura Coale	nil	nil	nil
903	DIA	http://en.wikipedia.org/wiki/Denver_International_Airport	263648	m.01n2vy
-DOCSTART-
904	Karin	nil	nil	nil
905	Bordt	nil	nil	nil
-DOCSTART-
906	Cardinals	http://en.wikipedia.org/wiki/Arizona_Cardinals	2102	m.0ws7
907	Ken Whisenhunt	http://en.wikipedia.org/wiki/Ken_Whisenhunt	3979154	m.0b9srp
-DOCSTART-
908	Manny Acta	http://en.wikipedia.org/wiki/Manny_Acta	4022125	m.0bczm7
909	Indians	http://en.wikipedia.org/wiki/Cleveland_Indians	6652	m.01yhm
-DOCSTART-
910	Daiwa Capital Markets	http://en.wikipedia.org/wiki/Daiwa_Capital_Markets	1284166	m.04p__5
911	Chris Lin	http://en.wikipedia.org/wiki/Chris_Lin	25390847	m.09k72lh
-DOCSTART-
912	DMV	http://en.wikipedia.org/wiki/Department_of_Motor_Vehicles	549212	m.02n_2g
913	Jan Mendoza	http://en.wikipedia.org/wiki/Jan_Mendoza	23750551	m.0fr5jhz
-DOCSTART-
914	Bart Ney	http://en.wikipedia.org/wiki/Bart_Ney	53945754	nil
915	Bay Bridge	http://en.wikipedia.org/wiki/San_Francisco_%E2%80%93_Oakland_Bay_Bridge	50548	m.0dc95
-DOCSTART-
916	London	http://en.wikipedia.org/wiki/London	17867	m.04jpl
917	Italy	http://en.wikipedia.org/wiki/Italian_Rhythmic_Gymnastics_Team	14523619	m.04fzn8y
-DOCSTART-
918	Sports Medicine and Shoulder Service	http://en.wikipedia.org/wiki/Sports_Medicine_and_Shoulder_Service	67883	m.0ht1b
919	Joshua Dines	nil	nil	nil
-DOCSTART-
920	Boise Fire Department	http://en.wikipedia.org/wiki/Boise_Fire_Department	53609193	nil
921	Ourada Ranch Fire	http://en.wikipedia.org/wiki/Ourada_Ranch_Fire	9594675	m.02pl7fy
-DOCSTART-
922	Douglas Arthur	http://en.wikipedia.org/wiki/Douglas_Arthur	48596	m.0c_jc
923	Evercore Partners	http://en.wikipedia.org/wiki/Evercore_Partners	6031901	m.0fljxt
-DOCSTART-
924	Dish Network	http://en.wikipedia.org/wiki/Dish_Network	77784	m.0kc4f
925	John Hall	nil	nil	nil
-DOCSTART-
926	Coal Council	http://en.wikipedia.org/wiki/American_Coal_Council	9577	m.02l_v
927	Washington	http://en.wikipedia.org/wiki/Washington,_D.C.	108956	m.0rh6k
-DOCSTART-
928	Denver	http://en.wikipedia.org/wiki/Denver	8522	m.02cl1
929	Bannock Streets	nil	nil	nil
-DOCSTART-
930	Maradona	http://en.wikipedia.org/wiki/Diego_Maradona	8485	m.02c7q
931	Beijing	http://en.wikipedia.org/wiki/Beijing	18603746	m.01914
-DOCSTART-
932	Darrell Brock	http://en.wikipedia.org/wiki/Darrell_Brock	3323421	m.095tkm
933	Republican Party	http://en.wikipedia.org/wiki/Republican_Party_of_Kentucky	11345596	m.02r8fh0
-DOCSTART-
934	Steve Owen	nil	nil	nil
935	CCA	http://en.wikipedia.org/wiki/Corrections_Corporation_of_America	2751681	m.080rnm
-DOCSTART-
936	Gregoire	http://en.wikipedia.org/wiki/Gregoire	22821386	nil
937	Cory Curtis	http://en.wikipedia.org/wiki/Cory_Curtis	68375	m.0hwqg
-DOCSTART-
938	Madrid	http://en.wikipedia.org/wiki/Real_Madrid_C.F.	26413	m.06l22
939	Angel Di Maria	nil	nil	nil
-DOCSTART-
940	Lonmin PLC	http://en.wikipedia.org/wiki/Lonmin	1521351	m.057q70
941	Roger Phillimore	http://en.wikipedia.org/wiki/Roger_Phillimore	603025	m.02vjvs
-DOCSTART-
942	Kusama	http://en.wikipedia.org/wiki/Yayoi_Kusama	439159	m.028n9m
943	New York	nil	nil	nil
-DOCSTART-
944	Dawn Benner	nil	nil	nil
945	Benner	nil	nil	nil
-DOCSTART-
946	Bafetimbi Gomis	nil	nil	nil
947	France	http://en.wikipedia.org/wiki/France_national_football_team	250197	m.01l3vx
-DOCSTART-
948	Nokia	http://en.wikipedia.org/wiki/Nokia	21242	m.05b5c
949	Elop	http://en.wikipedia.org/wiki/Stephen_Elop	28773180	m.0ddfhzw
-DOCSTART-
950	France	http://en.wikipedia.org/wiki/Tour_de_France	30498	m.07hn5
951	Alberto Contador	http://en.wikipedia.org/wiki/Alberto_Contador	5606060	m.0dvy64
-DOCSTART-
952	Gerald Evelyn	http://en.wikipedia.org/wiki/Gerald_Evelyn	225603	m.01gwgv
953	Ferguson	nil	nil	nil
-DOCSTART-
954	Yahoo	http://en.wikipedia.org/wiki/Yahoo	188213	m.019rl6
955	Bobby Valentine	http://en.wikipedia.org/wiki/Bobby_Valentine	1105870	m.046gbn
-DOCSTART-
956	Steven Stamkos	http://en.wikipedia.org/wiki/Steven_Stamkos	10804874	m.02qqk5c
957	Lightning	http://en.wikipedia.org/wiki/Tampa_Bay_Lightning	73124	m.0jnkr
-DOCSTART-
958	Todd Kenreck	nil	nil	nil
959	In-Game	http://en.wikipedia.org/wiki/Virtual_world	716896	m.035bv3
-DOCSTART-
960	DMV	http://en.wikipedia.org/wiki/Department_of_Motor_Vehicles	549212	m.02n_2g
961	Jan Mendoza	http://en.wikipedia.org/wiki/Jan_Mendoza	23750551	m.0fr5jhz
-DOCSTART-
962	Manuel Pastor	http://en.wikipedia.org/wiki/Manuel_Pastor	24337617	m.07s41v9
963	University of Southern California 's Center for the Study of Immigrant Integration	http://en.wikipedia.org/wiki/Center_for_the_Study_of_Immigrant_Integration	505730	m.02jj4p
-DOCSTART-
964	Fame	http://en.wikipedia.org/wiki/Hall_of_fame	1485413	m.0555fv
965	Michael Irvin	http://en.wikipedia.org/wiki/Michael_Irvin	449874	m.029wk8
-DOCSTART-
966	Floyd Corkins	http://en.wikipedia.org/wiki/Floyd_Corkins	312075	m.01t9s6
967	George Mason	http://en.wikipedia.org/wiki/George_Mason_University	12566	m.039d4
-DOCSTART-
968	Honican	nil	nil	nil
969	Children 's Hospital	nil	nil	nil
-DOCSTART-
970	Max Laulie	nil	nil	nil
971	Chile	http://en.wikipedia.org/wiki/Chilean_Gendarmerie	32887606	m.0h3slhq
-DOCSTART-
972	Associated Press	http://en.wikipedia.org/wiki/Associated_Press	18935732	m.0cv_2
973	David Runk	nil	nil	nil
-DOCSTART-
974	Anand Kumar	http://en.wikipedia.org/wiki/Anand_Kumar	8450166	m.0273ty8
975	Abhijeet Group	http://en.wikipedia.org/wiki/Abhijeet_Group	2409551	m.07b2mz
-DOCSTART-
976	Bangor	http://en.wikipedia.org/wiki/Bangor,_Iowa	31717099	m.048y8f5
977	Sgt. Paul Edwards	nil	nil	nil
-DOCSTART-
978	Brad Pitt	http://en.wikipedia.org/wiki/Brad_Pitt	44849	m.0c6qh
979	Jennifer Aniston	http://en.wikipedia.org/wiki/Jennifer_Aniston	39942	m.09yrh
-DOCSTART-
980	Associated Press	http://en.wikipedia.org/wiki/Associated_Press	18935732	m.0cv_2
981	Asif Shahzad	nil	nil	nil
-DOCSTART-
982	National Venture Capital Association	http://en.wikipedia.org/wiki/National_Venture_Capital_Association	257210	m.01m2bt
983	Mark Heesen	nil	nil	nil
-DOCSTART-
984	Richard Bernstein	http://en.wikipedia.org/wiki/Richard_H._Bernstein	25162086	m.09ghpz4
985	Binno	nil	nil	nil
-DOCSTART-
986	Peyton Manning	http://en.wikipedia.org/wiki/Peyton_Manning	429833	m.027jv8
987	MVP	http://en.wikipedia.org/wiki/Most_Valuable_Player	631870	m.02yqk8
-DOCSTART-
988	Jet Propulsion Laboratory	http://en.wikipedia.org/wiki/Jet_Propulsion_Laboratory	16459	m.0467p
989	Charles Elachi	http://en.wikipedia.org/wiki/Charles_Elachi	2230432	m.06xry7
-DOCSTART-
990	Brian Hemphill	http://en.wikipedia.org/wiki/Brian_Hemphill	52348182	nil
991	West Virginia State University	http://en.wikipedia.org/wiki/West_Virginia_State_University	1245250	m.04lr53
-DOCSTART-
992	Kim Shaver	http://en.wikipedia.org/wiki/Kim_Shaver	12196676	m.05cym3
993	Hooker	http://en.wikipedia.org/wiki/Hooker_Furniture	3326032	m.095yrg
-DOCSTART-
994	Alan Grover	http://en.wikipedia.org/wiki/Alan_Grover	20776881	m.053qyfd
995	Cianbro	nil	nil	nil
-DOCSTART-
996	Development Authority	http://en.wikipedia.org/wiki/Development_Authority	36188490	m.09bs2b
997	Tigers	http://en.wikipedia.org/wiki/Tigers	30075	m.07dm6
-DOCSTART-
998	Army Gen. Martin Dempsey	http://en.wikipedia.org/wiki/Martin_Dempsey	381353	m.021mtp
999	Joint Chiefs	http://en.wikipedia.org/wiki/Joint_Chiefs_of_Staff	195322	m.01brfl
